id,gold_label,predicted_nli_label,confidence,entailment_probability,neutral_probability,contradiction_probability,similarity_score,difficulty,chapter,section,page,reason,evidence_text,claim
NLI_001,entailment,entailment,0.9978,0.9978,0.0021,0.0001,0.802532,easy,Chapter 1,1.1 What Is Psychology?,8,The claim restates the definition and methodology of psychology using different sentence structure.,Psychology refers to the scientific study of the mind and behavior. Psychologists use the scientific method to acquire knowledge.,The scientific method is employed by psychologists to study behavior and the mind.
NLI_002,neutral,neutral,0.9998,0.0001,0.9998,0.0001,0.61189,medium,Chapter 1,1.1 What Is Psychology?,8,The evidence defines psychology but does not provide statistical rankings about its popularity among students.,Psychology refers to the scientific study of the mind and behavior. Psychologists use the scientific method to acquire knowledge.,Psychology is the most popular scientific discipline among undergraduate students globally.
NLI_003,contradiction,contradiction,0.9998,0.0,0.0002,0.9998,0.720348,easy,Chapter 1,1.1 What Is Psychology?,8,"The claim explicitly denies that psychologists use the scientific method, which contradicts the evidence.",Psychology refers to the scientific study of the mind and behavior. Psychologists use the scientific method to acquire knowledge.,Psychologists reject the use of the scientific method when studying the mind.
NLI_004,entailment,entailment,0.9984,0.9984,0.0015,0.0,0.772896,medium,Chapter 1,1.1 What Is Psychology?,8,The claim accurately paraphrases the definition of an empirical method.,"An empirical method for acquiring knowledge is one based on observation, including experimentation, rather than a method based only on forms of logical argument or previous authorities.",An empirical approach relies on observation and experimentation instead of solely depending on logical arguments or past authorities.
NLI_005,neutral,neutral,0.9998,0.0001,0.9998,0.0001,0.573331,hard,Chapter 1,1.1 What Is Psychology?,8,"The passage defines empirical methods but omits historical origins, making the claim about ancient Greece unsupported.","An empirical method for acquiring knowledge is one based on observation, including experimentation, rather than a method based only on forms of logical argument or previous authorities.",Empirical methods based on observation were first developed by philosophers in ancient Greece.
NLI_006,contradiction,contradiction,0.9999,0.0,0.0,0.9999,0.786129,medium,Chapter 1,1.1 What Is Psychology?,8,"The claim reverses the definition, attributing the exact properties to empirical methods that the text says it avoids.","An empirical method for acquiring knowledge is one based on observation, including experimentation, rather than a method based only on forms of logical argument or previous authorities.",An empirical method acquires knowledge solely through logical argument and relies heavily on previous authorities.
NLI_007,entailment,entailment,0.9985,0.9985,0.0014,0.0001,0.909768,easy,Chapter 1,1.2 History of Psychology,9,The claim correctly aligns Wundt's term 'internal perception' with the definition of introspection provided.,"Wundt used introspection (he called it 'internal perception'), a process by which someone examines their own conscious experience as objectively as possible.",Wundt's technique of examining one's own conscious experience objectively was termed internal perception by him.
NLI_008,neutral,neutral,0.8747,0.0,0.8747,0.1252,0.713232,medium,Chapter 1,1.2 History of Psychology,9,"The evidence states Wundt used introspection, but does not provide his conclusions regarding its reliability.","Wundt used introspection (he called it 'internal perception'), a process by which someone examines their own conscious experience as objectively as possible.",Wundt found that introspection was an unreliable method due to individual differences in conscious experience.
NLI_009,contradiction,contradiction,0.9999,0.0,0.0001,0.9999,0.648616,hard,Chapter 1,1.2 History of Psychology,9,"The text states it is examining one's own conscious experience, not the unconscious experience of another.","Wundt used introspection (he called it 'internal perception'), a process by which someone examines their own conscious experience as objectively as possible.",Introspection is a process where a researcher examines the unconscious experiences of another person.
NLI_010,entailment,entailment,0.9977,0.9977,0.0022,0.0,0.800455,medium,Chapter 1,1.2 History of Psychology,10,The claim logically combines the two stated interests of functionalism: organism adaptation and the whole mind.,"Functionalism focused on how mental activities helped an organism fit into its environment. Functionalism has a second, more subtle meaning in that functionalists were more interested in the operation of the whole mind rather than of its individual parts.",Functionalists were primarily concerned with how the mind as a whole operated to help an organism adapt to its environment.
NLI_011,neutral,neutral,0.9996,0.0,0.9996,0.0004,0.685179,easy,Chapter 1,1.2 History of Psychology,10,The text explains what functionalism is but does not mention its historical dominance or timeline.,"Functionalism focused on how mental activities helped an organism fit into its environment. Functionalism has a second, more subtle meaning in that functionalists were more interested in the operation of the whole mind rather than of its individual parts.",Functionalism was the predominant psychological school of thought in the United States until the mid-20th century.
NLI_012,contradiction,contradiction,0.9999,0.0,0.0,0.9999,0.793777,medium,Chapter 1,1.2 History of Psychology,10,"The claim states functionalism looked at individual parts, which directly opposes the text's assertion that it focused on the whole mind.","Functionalism focused on how mental activities helped an organism fit into its environment. Functionalism has a second, more subtle meaning in that functionalists were more interested in the operation of the whole mind rather than of its individual parts.",Functionalism focused heavily on breaking the mind down into its individual parts rather than looking at the whole.
NLI_013,entailment,entailment,0.9983,0.9983,0.0016,0.0001,0.867129,easy,Chapter 1,1.2 History of Psychology,11,The claim is a direct restatement of the methods Freud proposed for accessing the unconscious.,"According to Freud, the unconscious mind could be accessed through dream analysis, by examinations of the first words that came to people's minds, and through seemingly innocent slips of the tongue.",Freud believed that analyzing dreams and slips of the tongue were ways to access a person's unconscious mind.
NLI_014,neutral,neutral,0.9997,0.0,0.9997,0.0003,0.572637,medium,Chapter 1,1.2 History of Psychology,11,The evidence outlines Freud's methods but mentions nothing about the reception or criticism of his theories by behaviorists.,"According to Freud, the unconscious mind could be accessed through dream analysis, by examinations of the first words that came to people's minds, and through seemingly innocent slips of the tongue.",Freud's theories about the unconscious mind were widely criticized by behaviorists during his lifetime.
NLI_015,contradiction,contradiction,1.0,0.0,0.0,1.0,0.687801,easy,Chapter 1,1.2 History of Psychology,11,"The claim states the unconscious is inaccessible, which contradicts Freud's belief that it could be accessed via dreams and slips of the tongue.","According to Freud, the unconscious mind could be accessed through dream analysis, by examinations of the first words that came to people's minds, and through seemingly innocent slips of the tongue.",Freud argued that the unconscious mind is completely inaccessible to psychological examination.
NLI_016,entailment,entailment,0.9978,0.9978,0.0021,0.0001,0.851185,medium,Chapter 1,1.2 History of Psychology,12,The claim correctly synthesizes the core principle of Gestalt psychology regarding perception of the whole.,"The word Gestalt roughly translates to 'the form in its whole'; a major emphasis of Gestalt psychology deals with the fact that although a sensory experience can be broken down into individual parts, how those parts relate to each other as a whole is often what the individual responds to in perception.",Gestalt psychology emphasizes that human perception responds to the organized whole of a sensory experience rather than just its isolated parts.
NLI_017,neutral,neutral,0.9996,0.0001,0.9996,0.0003,0.509784,hard,Chapter 1,1.2 History of Psychology,12,"While true in practice, the application of Gestalt principles to software design is not mentioned in the provided text.","The word Gestalt roughly translates to 'the form in its whole'; a major emphasis of Gestalt psychology deals with the fact that although a sensory experience can be broken down into individual parts, how those parts relate to each other as a whole is often what the individual responds to in perception.",Gestalt psychology principles are extensively used in modern user interface design for computer software.
NLI_018,contradiction,contradiction,1.0,0.0,0.0,1.0,0.75006,medium,Chapter 1,1.2 History of Psychology,12,The claim opposes the text's statement that individuals respond to how parts relate as a whole.,"The word Gestalt roughly translates to 'the form in its whole'; a major emphasis of Gestalt psychology deals with the fact that although a sensory experience can be broken down into individual parts, how those parts relate to each other as a whole is often what the individual responds to in perception.",Gestalt psychology asserts that perception is based strictly on observing individual parts entirely disconnected from their whole.
NLI_019,entailment,entailment,0.9978,0.9978,0.0021,0.0,0.777489,easy,Chapter 1,1.2 History of Psychology,12,The claim accurately restates Pavlov's definition of a conditioned reflex.,"Pavlov studied a form of learning behavior called a conditioned reflex, in which an animal or human produced a reflex (unconscious) response to a stimulus and, over time, was conditioned to produce the response to a different stimulus.",Conditioned reflex is a learning behavior where an organism is trained over time to respond reflexively to a new stimulus.
NLI_020,neutral,neutral,0.9993,0.0,0.9993,0.0006,0.754893,medium,Chapter 1,1.2 History of Psychology,12,The evidence does not detail the specific context (digestive system of dogs) or accidental nature of Pavlov's discovery.,"Pavlov studied a form of learning behavior called a conditioned reflex, in which an animal or human produced a reflex (unconscious) response to a stimulus and, over time, was conditioned to produce the response to a different stimulus.",Pavlov discovered the conditioned reflex accidentally while conducting experiments on the digestive systems of dogs.
NLI_021,contradiction,contradiction,0.9997,0.0001,0.0003,0.9997,0.712497,hard,Chapter 1,1.2 History of Psychology,12,"The text explicitly states the reflex response is unconscious, making the claim of a conscious choice a contradiction.","Pavlov studied a form of learning behavior called a conditioned reflex, in which an animal or human produced a reflex (unconscious) response to a stimulus and, over time, was conditioned to produce the response to a different stimulus.",A conditioned reflex requires an organism to consciously choose its response to a new stimulus.
NLI_022,entailment,entailment,0.9981,0.9981,0.0019,0.0,0.871481,medium,Chapter 1,1.2 History of Psychology,12,The claim faithfully links Watson's advocacy for shifting focus to behavior with the establishment of behaviorism.,"Watson was a major proponent of shifting the focus of psychology from the mind to behavior, and this approach of observing and controlling behavior came to be known as behaviorism.",Behaviorism was established by Watson's advocacy for focusing psychology on observable behavior rather than the mind.
NLI_023,neutral,neutral,0.9998,0.0001,0.9998,0.0002,0.714144,hard,Chapter 1,1.2 History of Psychology,12,The source provides no information regarding the funding or specific institutional motives behind Watson's shift.,"Watson was a major proponent of shifting the focus of psychology from the mind to behavior, and this approach of observing and controlling behavior came to be known as behaviorism.",Watson's shift toward behaviorism was largely funded by educational institutions seeking better classroom management techniques.
NLI_024,contradiction,contradiction,0.9993,0.0001,0.0006,0.9993,0.60371,easy,Chapter 1,1.2 History of Psychology,12,"The claim defines behaviorism as prioritizing the mind over actions, perfectly contradicting Watson's actual shift.","Watson was a major proponent of shifting the focus of psychology from the mind to behavior, and this approach of observing and controlling behavior came to be known as behaviorism.",Behaviorism is an approach that prioritizes the analysis of unobservable mental processes over physical actions.
NLI_025,entailment,entailment,0.9979,0.9979,0.002,0.0001,0.85769,easy,Chapter 1,1.2 History of Psychology,13,The claim correctly identifies the purpose of the operant conditioning chamber as stated in the text.,"Skinner developed a chamber that allowed the careful study of the principles of modifying behavior through reinforcement and punishment. This device, known as an operant conditioning chamber (or more familiarly, a Skinner box), has remained a crucial resource for researchers.",The Skinner box is a device designed to study how reinforcement and punishment can modify behavior.
NLI_026,neutral,neutral,0.9998,0.0001,0.9998,0.0002,0.57749,medium,Chapter 1,1.2 History of Psychology,13,"The text confirms Skinner developed the chamber but says nothing about patents, the year 1930, or selling it.","Skinner developed a chamber that allowed the careful study of the principles of modifying behavior through reinforcement and punishment. This device, known as an operant conditioning chamber (or more familiarly, a Skinner box), has remained a crucial resource for researchers.",Skinner patented the operant conditioning chamber in 1930 and sold it to universities worldwide.
NLI_027,contradiction,contradiction,1.0,0.0,0.0,1.0,0.757552,medium,Chapter 1,1.2 History of Psychology,13,"The claim explicitly denies the use of reinforcement and punishment, which are the stated functions of the Skinner box.","Skinner developed a chamber that allowed the careful study of the principles of modifying behavior through reinforcement and punishment. This device, known as an operant conditioning chamber (or more familiarly, a Skinner box), has remained a crucial resource for researchers.",The Skinner box is a tool exclusively used to examine reflexes without any use of reinforcement or punishment.
NLI_028,entailment,entailment,0.9936,0.9936,0.0064,0.0001,0.829947,hard,Chapter 1,1.2 History of Psychology,14,The claim uses logic ('only after') that correctly infers the sequential dependency of needs described by Maslow.,"Maslow asserted that so long as basic needs necessary for survival were met (e.g., food, water, shelter), higher-level needs (e.g., social needs) would begin to motivate behavior.","According to Maslow, an individual's behavior will be motivated by higher-level needs only after their fundamental survival needs are fulfilled."
NLI_029,neutral,neutral,0.9994,0.0,0.9994,0.0005,0.6761,hard,Chapter 1,1.2 History of Psychology,14,The text mentions social needs as a higher-level need but lacks any neurobiological claims.,"Maslow asserted that so long as basic needs necessary for survival were met (e.g., food, water, shelter), higher-level needs (e.g., social needs) would begin to motivate behavior.",Maslow believed that social needs are biologically hardwired into the brain's prefrontal cortex.
NLI_030,contradiction,contradiction,0.9886,0.006,0.0053,0.9886,0.850792,medium,Chapter 1,1.2 History of Psychology,14,"The claim reverses the order of Maslow's hierarchy, stating social needs precede basic survival needs.","Maslow asserted that so long as basic needs necessary for survival were met (e.g., food, water, shelter), higher-level needs (e.g., social needs) would begin to motivate behavior.",Maslow argued that higher-level social needs must be satisfied before an individual will be motivated to seek basic survival needs like water.
NLI_031,entailment,entailment,0.9982,0.9982,0.0018,0.0001,0.813572,easy,Chapter 1,1.2 History of Psychology,14,The claim accurately lists the three traits required by Rogers for a therapist.,"Rogers believed that a therapist needed to display three features to maximize the effectiveness of this particular approach: unconditional positive regard, genuineness, and empathy.","Empathy, genuineness, and unconditional positive regard were considered by Rogers to be crucial traits for an effective therapist."
NLI_032,neutral,neutral,0.9995,0.0,0.9995,0.0004,0.541176,medium,Chapter 1,1.2 History of Psychology,14,The text lists Rogers's preferred traits but gives no information regarding psychoanalysts' criticisms of them.,"Rogers believed that a therapist needed to display three features to maximize the effectiveness of this particular approach: unconditional positive regard, genuineness, and empathy.",Rogers's emphasis on empathy and genuineness was highly criticized by psychoanalysts of his era.
NLI_033,contradiction,contradiction,1.0,0.0,0.0,1.0,0.674736,medium,Chapter 1,1.2 History of Psychology,14,"The claim asserts therapists should avoid empathy, whereas the text states Rogers believed displaying empathy is necessary.","Rogers believed that a therapist needed to display three features to maximize the effectiveness of this particular approach: unconditional positive regard, genuineness, and empathy.",Rogers advised therapists to maintain emotional distance and avoid displaying empathy in order to maximize effectiveness.
NLI_034,entailment,entailment,0.9837,0.9837,0.0163,0.0,0.812364,hard,Chapter 1,1.2 History of Psychology,15,The claim correctly captures Chomsky's critique that studying behavior alone is short-sighted and mental processes must be included.,Chomsky believed that psychology's focus on behavior was short-sighted and that the field had to re-incorporate mental functioning into its purview if it were to offer any meaningful contributions to understanding behavior.,"Chomsky argued that a true understanding of behavior requires psychology to study mental functioning, not just observable actions."
NLI_035,neutral,neutral,0.9998,0.0001,0.9998,0.0002,0.694175,medium,Chapter 1,1.2 History of Psychology,15,The reason for his dissatisfaction is not linked to failed replications in the text.,Chomsky believed that psychology's focus on behavior was short-sighted and that the field had to re-incorporate mental functioning into its purview if it were to offer any meaningful contributions to understanding behavior.,Chomsky's dissatisfaction with behaviorism originated from his failure to replicate B.F. Skinner's animal conditioning experiments.
NLI_036,contradiction,contradiction,0.9999,0.0,0.0,0.9999,0.730884,easy,Chapter 1,1.2 History of Psychology,15,"The claim states Chomsky praised the focus on behavior, reversing his actual belief that it was short-sighted.",Chomsky believed that psychology's focus on behavior was short-sighted and that the field had to re-incorporate mental functioning into its purview if it were to offer any meaningful contributions to understanding behavior.,Chomsky praised psychology's exclusive focus on behavior and warned against studying unobservable mental functioning.
NLI_037,entailment,entailment,0.9967,0.9967,0.0032,0.0001,0.849829,medium,Chapter 1,1.2 History of Psychology,16,The claim accurately interprets 'womanless psychology' as male-dominated and affirms women's lack of influence on studies.,"Until the 1960s, the science of psychology was largely a 'womanless' psychology, meaning that few women were able to practice psychology, so they had little influence on what was studied.","Prior to the 1960s, the field of psychology was heavily dominated by men, resulting in women having minimal impact on research topics."
NLI_038,neutral,neutral,0.9996,0.0003,0.9996,0.0001,0.581385,hard,Chapter 1,1.2 History of Psychology,16,"The text states women were excluded until the 1960s, but provides no data on the gender ratio by 1970.","Until the 1960s, the science of psychology was largely a 'womanless' psychology, meaning that few women were able to practice psychology, so they had little influence on what was studied.","By 1970, female psychologists outnumbered male psychologists in academic institutions across the United States."
NLI_039,contradiction,contradiction,0.9987,0.0002,0.0011,0.9987,0.774844,medium,Chapter 1,1.2 History of Psychology,16,"The claim asserts women dictated research, contradicting the text which states they had little influence on what was studied.","Until the 1960s, the science of psychology was largely a 'womanless' psychology, meaning that few women were able to practice psychology, so they had little influence on what was studied.","Before the 1960s, women dictated the majority of psychological research agendas despite not holding formal degrees."
NLI_040,entailment,entailment,0.9957,0.9957,0.0042,0.0,0.964849,easy,Chapter 1,1.2 History of Psychology,17,The claim is a direct restatement of the historical fact provided in the text.,"In 1920, Francis Cecil Sumner was the first African American to receive a PhD in psychology in the United States.",Francis Cecil Sumner made history in 1920 by becoming the first African American to earn a psychology PhD in the US.
NLI_041,neutral,neutral,0.9998,0.0001,0.9998,0.0001,0.824381,medium,Chapter 1,1.2 History of Psychology,17,The text identifies his achievement but omits the name of the university granting the PhD.,"In 1920, Francis Cecil Sumner was the first African American to receive a PhD in psychology in the United States.",Francis Cecil Sumner received his PhD in psychology from Harvard University.
NLI_042,contradiction,contradiction,0.9999,0.0,0.0001,0.9999,0.755806,easy,Chapter 1,1.2 History of Psychology,17,"The claim states he was denied the degree, which directly contradicts the fact that he received it.","In 1920, Francis Cecil Sumner was the first African American to receive a PhD in psychology in the United States.",Francis Cecil Sumner was denied a PhD in psychology in 1920 due to his race.
NLI_043,entailment,entailment,0.9982,0.9982,0.0017,0.0001,0.752622,medium,Chapter 1,1.3 Contemporary Psychology,18,The claim faithfully reports the primary interest of many biological psychologists as stated in the evidence.,"Biopsychology explores how our biology influences our behavior. While biological psychology is a broad field, many biological psychologists want to understand how the structure and function of the nervous system is related to behavior.",Biological psychologists often focus on the relationship between behavior and the nervous system's structure and function.
NLI_044,neutral,neutral,0.9989,0.0,0.9989,0.0011,0.525751,hard,Chapter 1,1.3 Contemporary Psychology,18,The text discusses the focus of biopsychology but does not state the academic degree requirements for the field.,"Biopsychology explores how our biology influences our behavior. While biological psychology is a broad field, many biological psychologists want to understand how the structure and function of the nervous system is related to behavior.",Biological psychologists require a separate medical degree in neurology before they can conduct behavioral research.
NLI_045,contradiction,contradiction,0.9999,0.0,0.0001,0.9999,0.733546,medium,Chapter 1,1.3 Contemporary Psychology,18,"The claim says biopsychology ignores the nervous system, while the text explicitly states the field aims to understand it.","Biopsychology explores how our biology influences our behavior. While biological psychology is a broad field, many biological psychologists want to understand how the structure and function of the nervous system is related to behavior.",Biopsychology is a discipline that intentionally ignores the nervous system to focus exclusively on environmental behavioral triggers.
NLI_046,entailment,entailment,0.9898,0.9898,0.01,0.0002,0.72594,easy,Chapter 1,1.3 Contemporary Psychology,20,The claim accurately reflects the definition of cognitive psychology provided in the text.,"Cognitive psychology is the area of psychology that focuses on studying cognitions, or thoughts, and their relationship to our experiences and our actions.","The relationship between human thoughts, actions, and experiences is the primary focus of cognitive psychology."
NLI_047,neutral,neutral,0.9997,0.0,0.9997,0.0003,0.523798,medium,Chapter 1,1.3 Contemporary Psychology,20,The text defines the scope of cognitive psychology but does not mention the specific use of fMRI scans.,"Cognitive psychology is the area of psychology that focuses on studying cognitions, or thoughts, and their relationship to our experiences and our actions.",Cognitive psychologists primarily use fMRI scans to observe real-time thoughts in the brain.
NLI_048,contradiction,contradiction,1.0,0.0,0.0,1.0,0.520849,easy,Chapter 1,1.3 Contemporary Psychology,20,"The claim states cognitive psychology avoids the study of thoughts, directly contradicting the text.","Cognitive psychology is the area of psychology that focuses on studying cognitions, or thoughts, and their relationship to our experiences and our actions.","Cognitive psychology strictly avoids the study of thoughts, focusing only on observable physical reflexes."
NLI_049,entailment,entailment,0.9979,0.9979,0.002,0.0,0.812125,medium,Chapter 1,1.3 Contemporary Psychology,21,"The claim correctly combines the study of lifespan development, physical maturation, and cognitive/social changes.","Developmental psychology is the scientific study of development across a lifespan. Developmental psychologists are interested in processes related to physical maturation. However, their focus is not limited to the physical changes associated with aging, as they also focus on changes in cognitive skills, moral reasoning, social behavior, and other psychological attributes.",A developmental psychologist studies physical maturation as well as cognitive and social changes throughout a person's life.
NLI_050,neutral,neutral,0.9997,0.0001,0.9997,0.0002,0.577991,medium,Chapter 1,1.3 Contemporary Psychology,21,The text lists their interests but does not specify their typical workplace or that they focus mostly on elementary schools.,"Developmental psychology is the scientific study of development across a lifespan. Developmental psychologists are interested in processes related to physical maturation. However, their focus is not limited to the physical changes associated with aging, as they also focus on changes in cognitive skills, moral reasoning, social behavior, and other psychological attributes.",Developmental psychologists usually work in elementary schools to monitor cognitive changes in young children.
NLI_051,contradiction,contradiction,1.0,0.0,0.0,1.0,0.638523,easy,Chapter 1,1.3 Contemporary Psychology,21,"The claim says developmental psychology avoids cognitive skills, contradicting the text saying it focuses on them.","Developmental psychology is the scientific study of development across a lifespan. Developmental psychologists are interested in processes related to physical maturation. However, their focus is not limited to the physical changes associated with aging, as they also focus on changes in cognitive skills, moral reasoning, social behavior, and other psychological attributes.",Developmental psychology concerns itself solely with physical aging and explicitly avoids studying changes in cognitive skills.
NLI_052,entailment,entailment,0.9981,0.9981,0.0018,0.0001,0.883478,easy,Chapter 1,1.3 Contemporary Psychology,22,The claim is a direct restatement of the Five Factor model definition.,"Personality traits are relatively consistent patterns of thought and behavior, and many have proposed that five trait dimensions are sufficient to capture the variations in personality seen across individuals. These five dimensions are known as the 'Big Five' or the Five Factor model.",The Five Factor model suggests that human personality variations can be captured using five distinct trait dimensions.
NLI_053,neutral,neutral,0.9122,0.0,0.9122,0.0878,0.524919,medium,Chapter 1,1.3 Contemporary Psychology,22,The passage discusses the model but does not mention its origin or relationship to Freud.,"Personality traits are relatively consistent patterns of thought and behavior, and many have proposed that five trait dimensions are sufficient to capture the variations in personality seen across individuals. These five dimensions are known as the 'Big Five' or the Five Factor model.",The Five Factor model was first proposed by Freud to categorize unconscious thoughts.
NLI_054,contradiction,contradiction,1.0,0.0,0.0,1.0,0.605254,medium,Chapter 1,1.3 Contemporary Psychology,22,"The claim describes traits as erratic and inconsistent, directly conflicting with the text's 'relatively consistent patterns'.","Personality traits are relatively consistent patterns of thought and behavior, and many have proposed that five trait dimensions are sufficient to capture the variations in personality seen across individuals. These five dimensions are known as the 'Big Five' or the Five Factor model.",Personality traits are defined as highly erratic and inconsistent bursts of behavior.
NLI_055,entailment,entailment,0.9977,0.9977,0.0022,0.0001,0.633199,medium,Chapter 1,1.3 Contemporary Psychology,22,The claim correctly identifies a specific research topic attributed to social psychology in the text.,Social psychology focuses on how we interact with and relate to others. Social psychologists conduct research on a wide variety of topics that include differences in how we explain our own behavior versus how we explain the behaviors of others.,Researching differences between self-behavior explanation and other-behavior explanation falls under social psychology.
NLI_056,neutral,neutral,0.9998,0.0001,0.9998,0.0002,0.513673,hard,Chapter 1,1.3 Contemporary Psychology,22,"While social psychologists do study interactions, the use of covert observation in urban settings is not evidenced.",Social psychology focuses on how we interact with and relate to others. Social psychologists conduct research on a wide variety of topics that include differences in how we explain our own behavior versus how we explain the behaviors of others.,Social psychologists often use covert observation techniques to study how people interact in crowded urban environments.
NLI_057,contradiction,contradiction,1.0,0.0,0.0,1.0,0.537271,easy,Chapter 1,1.3 Contemporary Psychology,22,"The claim states the field avoids examining self-behavior explanation, contradicting the text.",Social psychology focuses on how we interact with and relate to others. Social psychologists conduct research on a wide variety of topics that include differences in how we explain our own behavior versus how we explain the behaviors of others.,Social psychology strictly avoids examining how individuals explain their own behavior.
NLI_058,entailment,contradiction,0.9999,0.0,0.0001,0.9999,0.818798,medium,Chapter 1,1.3 Contemporary Psychology,25,The claim accurately contrasts clinical psychology's focus on disorders with counseling psychology's focus on healthy individuals.,"Clinical psychology is the area of psychology that focuses on the diagnosis and treatment of psychological disorders and other problematic patterns of behavior. Counseling psychology is a similar discipline that focuses on emotional, social, vocational, and health-related outcomes in individuals who are considered psychologically healthy.","Unlike clinical psychology, counseling psychology concentrates on individuals who are deemed psychologically healthy."
NLI_059,neutral,neutral,0.9998,0.0001,0.9998,0.0001,0.517116,hard,Chapter 1,1.3 Contemporary Psychology,25,The text distinguishes their focus but does not compare their licensing processes or speeds.,"Clinical psychology is the area of psychology that focuses on the diagnosis and treatment of psychological disorders and other problematic patterns of behavior. Counseling psychology is a similar discipline that focuses on emotional, social, vocational, and health-related outcomes in individuals who are considered psychologically healthy.",Counseling psychologists undergo a faster licensing process than clinical psychologists due to working with healthier patients.
NLI_060,contradiction,contradiction,0.9166,0.0,0.0834,0.9166,0.71722,easy,Chapter 1,1.3 Contemporary Psychology,25,"The claim attributes the diagnosis of severe disorders to counseling psychology, whereas the text attributes this to clinical psychology.","Clinical psychology is the area of psychology that focuses on the diagnosis and treatment of psychological disorders and other problematic patterns of behavior. Counseling psychology is a similar discipline that focuses on emotional, social, vocational, and health-related outcomes in individuals who are considered psychologically healthy.",Counseling psychology exclusively handles the diagnosis and medical treatment of severe psychological disorders.
NLI_061,entailment,entailment,0.9976,0.9976,0.0023,0.0,0.813391,easy,Chapter 2,2.1 Why Is Research Important?,39,The claim directly restates the mechanism of deductive reasoning.,"In the scientific context, deductive reasoning begins with a generalization—one hypothesis—that is then used to reach logical conclusions about the real world. If the hypothesis is correct, then the logical conclusions reached through deductive reasoning should also be correct.",Deductive reasoning relies on a general hypothesis to derive logical conclusions about the real world.
NLI_062,neutral,neutral,0.9998,0.0001,0.9998,0.0001,0.586289,medium,Chapter 2,2.1 Why Is Research Important?,39,The text explains deductive reasoning but does not compare its popularity to inductive reasoning among physicists.,"In the scientific context, deductive reasoning begins with a generalization—one hypothesis—that is then used to reach logical conclusions about the real world. If the hypothesis is correct, then the logical conclusions reached through deductive reasoning should also be correct.",Deductive reasoning is heavily favored over inductive reasoning by modern physicists.
NLI_063,contradiction,contradiction,0.9988,0.0001,0.0011,0.9988,0.744846,hard,Chapter 2,2.1 Why Is Research Important?,39,"The text specifies that conclusions should be correct 'if the hypothesis is correct', making the claim of guaranteed correctness with a false hypothesis a contradiction.","In the scientific context, deductive reasoning begins with a generalization—one hypothesis—that is then used to reach logical conclusions about the real world. If the hypothesis is correct, then the logical conclusions reached through deductive reasoning should also be correct.","In deductive reasoning, conclusions drawn are guaranteed to be correct even if the starting hypothesis is completely false."
NLI_064,entailment,entailment,0.9981,0.9981,0.0019,0.0,0.589527,medium,Chapter 2,2.1 Why Is Research Important?,40,The claim accurately reflects the relationship and procedural difference between theories and hypotheses.,"A theory is a well-developed set of ideas that propose an explanation for observed phenomena. Theories are repeatedly checked against the world, but they tend to be too complex to be tested all at once; instead, researchers create hypotheses to test specific aspects of a theory.","Because theories are often too complex for simultaneous testing, researchers derive specific hypotheses to test parts of them."
NLI_065,neutral,neutral,0.9975,0.0,0.9975,0.0025,0.508249,hard,Chapter 2,2.1 Why Is Research Important?,40,The text discusses testing hypotheses but does not describe the protocol for abandoning a theory upon a single failure.,"A theory is a well-developed set of ideas that propose an explanation for observed phenomena. Theories are repeatedly checked against the world, but they tend to be too complex to be tested all at once; instead, researchers create hypotheses to test specific aspects of a theory.",Researchers generally abandon a theory completely if a single hypothesis derived from it fails an experimental test.
NLI_066,contradiction,contradiction,0.9968,0.0011,0.0022,0.9968,0.714535,medium,Chapter 2,2.1 Why Is Research Important?,40,"The text states theories are complex sets of ideas and hypotheses are specific aspects of a theory, making the claim backward.","A theory is a well-developed set of ideas that propose an explanation for observed phenomena. Theories are repeatedly checked against the world, but they tend to be too complex to be tested all at once; instead, researchers create hypotheses to test specific aspects of a theory.",A hypothesis is a more complex and encompassing set of ideas than a theory.
NLI_067,entailment,neutral,0.8551,0.1448,0.8551,0.0,0.67786,easy,Chapter 2,2.1 Why Is Research Important?,41,The claim directly summarizes the given criticism of Freud's theories.,"A scientific hypothesis is also falsifiable, or capable of being shown to be incorrect. Recall from the introductory chapter that Sigmund Freud had lots of interesting ideas to explain various human behaviors. However, a major criticism of Freud's theories is that many of his ideas are not falsifiable.",A major critique of Freud's psychological theories is their lack of falsifiability.
NLI_068,neutral,neutral,0.9998,0.0001,0.9998,0.0001,0.514143,medium,Chapter 2,2.1 Why Is Research Important?,41,The text notes the criticism but does not mention if his work was removed from textbooks.,"A scientific hypothesis is also falsifiable, or capable of being shown to be incorrect. Recall from the introductory chapter that Sigmund Freud had lots of interesting ideas to explain various human behaviors. However, a major criticism of Freud's theories is that many of his ideas are not falsifiable.","Because Freud's theories lacked falsifiability, his work was completely removed from modern psychology textbooks."
NLI_069,contradiction,contradiction,0.9997,0.0001,0.0002,0.9997,0.750949,easy,Chapter 2,2.1 Why Is Research Important?,41,"The claim defines falsifiable as incapable of being shown incorrect, completely contradicting the text.","A scientific hypothesis is also falsifiable, or capable of being shown to be incorrect. Recall from the introductory chapter that Sigmund Freud had lots of interesting ideas to explain various human behaviors. However, a major criticism of Freud's theories is that many of his ideas are not falsifiable.",Falsifiable means that a scientific hypothesis is incapable of being proven incorrect.
NLI_070,entailment,entailment,0.9979,0.9979,0.0021,0.0,0.563374,easy,Chapter 2,2.2 Approaches to Research,42,The claim accurately reflects the textbook's definition of a clinical or case study.,"In observational research, scientists are conducting a clinical or case study when they focus on one person or just a few individuals. Indeed, some scientists spend their entire careers studying just 10–20 individuals.",A case study is a research method that involves focusing on a single individual or a very small group.
NLI_071,neutral,neutral,0.9998,0.0001,0.9998,0.0002,0.386005,hard,Chapter 2,2.2 Approaches to Research,42,The text discusses case studies but does not provide information regarding federal funding allocations.,"In observational research, scientists are conducting a clinical or case study when they focus on one person or just a few individuals. Indeed, some scientists spend their entire careers studying just 10–20 individuals.",Case studies of rare neurological disorders receive more federal funding than large-scale observational studies.
NLI_072,contradiction,contradiction,0.9992,0.0,0.0008,0.9992,0.725647,medium,Chapter 2,2.2 Approaches to Research,42,"The claim states clinical studies involve thousands of participants, contradicting the text which says they focus on one or a few.","In observational research, scientists are conducting a clinical or case study when they focus on one person or just a few individuals. Indeed, some scientists spend their entire careers studying just 10–20 individuals.",Clinical studies are observational methods designed specifically to analyze thousands of participants simultaneously.
NLI_073,entailment,entailment,0.9963,0.9963,0.0037,0.0001,0.909366,medium,Chapter 2,2.2 Approaches to Research,43,The claim correctly identifies Fanger's playground study as an application of naturalistic observation.,"Naturalistic observation is observing behavior in its natural setting. To better understand peer exclusion, Suzanne Fanger collaborated with colleagues at the University of Texas to observe the behavior of preschool children on a playground.",Observing preschool children on a playground to study peer exclusion is an example of naturalistic observation.
NLI_074,neutral,neutral,0.9998,0.0001,0.9998,0.0001,0.629589,hard,Chapter 2,2.2 Approaches to Research,43,The text mentions the topic of Fanger's study but provides no results regarding gender differences.,"Naturalistic observation is observing behavior in its natural setting. To better understand peer exclusion, Suzanne Fanger collaborated with colleagues at the University of Texas to observe the behavior of preschool children on a playground.",Suzanne Fanger's naturalistic observation study found that boys engage in peer exclusion more frequently than girls.
NLI_075,contradiction,contradiction,1.0,0.0,0.0,1.0,0.594824,easy,Chapter 2,2.2 Approaches to Research,43,"The claim defines naturalistic observation as placing subjects in a laboratory, opposite of the text.","Naturalistic observation is observing behavior in its natural setting. To better understand peer exclusion, Suzanne Fanger collaborated with colleagues at the University of Texas to observe the behavior of preschool children on a playground.",Naturalistic observation requires removing subjects from their normal environments and placing them into controlled laboratory settings.
NLI_076,entailment,entailment,0.9975,0.9975,0.0025,0.0,0.861511,easy,Chapter 2,2.2 Approaches to Research,46,The claim accurately matches the text's example of archival research.,"Archival research relies on looking at past records or data sets to look for interesting patterns or relationships. For example, a researcher might access the academic records of all individuals who enrolled in college within the past ten years.",Examining past college academic records to identify trends is a form of archival research.
NLI_077,neutral,neutral,0.9989,0.0001,0.9989,0.001,0.649204,medium,Chapter 2,2.2 Approaches to Research,46,The evidence does not address the legal or ethical consent requirements for accessing the records.,"Archival research relies on looking at past records or data sets to look for interesting patterns or relationships. For example, a researcher might access the academic records of all individuals who enrolled in college within the past ten years.",Archival research involving academic records requires researchers to obtain written consent from every former student.
NLI_078,contradiction,contradiction,1.0,0.0,0.0,1.0,0.667852,medium,Chapter 2,2.2 Approaches to Research,46,"The claim explicitly denies the use of past records and substitutes real-time interviews, contradicting the definition.","Archival research relies on looking at past records or data sets to look for interesting patterns or relationships. For example, a researcher might access the academic records of all individuals who enrolled in college within the past ten years.",Archival research strictly involves conducting real-time interviews rather than examining existing records.
NLI_079,entailment,entailment,0.9976,0.9976,0.0023,0.0,0.812588,hard,Chapter 2,2.2 Approaches to Research,47,The claim successfully captures the definition and limitation of cross-sectional research using advanced vocabulary.,"In cross-sectional research, a researcher compares multiple segments of the population at the same time. While cross-sectional research requires a shorter-term investment, it is also limited by differences that exist between the different generations (or cohorts).",Cross-sectional research evaluates different population segments simultaneously but can be confounded by generational cohort differences.
NLI_080,neutral,neutral,0.9997,0.0001,0.9997,0.0002,0.536517,hard,Chapter 2,2.2 Approaches to Research,47,The text mentions cohort differences as a limitation but does not mention specialized software solutions.,"In cross-sectional research, a researcher compares multiple segments of the population at the same time. While cross-sectional research requires a shorter-term investment, it is also limited by differences that exist between the different generations (or cohorts).",Cross-sectional research requires specialized statistical software to accurately separate age effects from cohort effects.
NLI_081,contradiction,contradiction,0.9999,0.0,0.0001,0.9999,0.689572,medium,Chapter 2,2.2 Approaches to Research,47,"The claim describes longitudinal research, directly conflicting with the text's definition of cross-sectional research.","In cross-sectional research, a researcher compares multiple segments of the population at the same time. While cross-sectional research requires a shorter-term investment, it is also limited by differences that exist between the different generations (or cohorts).",Cross-sectional research requires observing a single segment of the population repeatedly over decades.
NLI_082,entailment,entailment,0.9924,0.9924,0.0066,0.001,0.782895,easy,Chapter 2,2.3 Analyzing Findings,49,The claim is a direct paraphrase of the definition of negative correlation.,"A negative correlation means that the variables move in opposite directions. If two variables are negatively correlated, a decrease in one variable is associated with an increase in the other and vice versa.","When two variables are negatively correlated, one variable tends to increase as the other decreases."
NLI_083,neutral,neutral,0.9998,0.0001,0.9998,0.0001,0.551567,medium,Chapter 2,2.3 Analyzing Findings,49,The text defines negative correlation but makes no claims about its statistical frequency in research.,"A negative correlation means that the variables move in opposite directions. If two variables are negatively correlated, a decrease in one variable is associated with an increase in the other and vice versa.",Negative correlations are far less common in psychological research than positive correlations.
NLI_084,contradiction,contradiction,0.9992,0.0001,0.0007,0.9992,0.850965,hard,Chapter 2,2.3 Analyzing Findings,49,The claim misdefines negative correlation by stating the variables move in the same direction (decrease together).,"A negative correlation means that the variables move in opposite directions. If two variables are negatively correlated, a decrease in one variable is associated with an increase in the other and vice versa.",A negative correlation implies that a decrease in one variable always causes a proportionate decrease in the other variable.
NLI_085,entailment,neutral,0.9844,0.0156,0.9844,0.0,0.872816,medium,Chapter 2,2.3 Analyzing Findings,54,The claim synthesizes the text's two sentences describing the role of the independent variable.,"An independent variable is manipulated or controlled by the experimenter. In a well-designed experimental study, the independent variable is the only important difference between the experimental and control groups.","The experimenter controls the independent variable, which should serve as the primary difference between control and experimental groups."
NLI_086,neutral,neutral,0.9977,0.0,0.9977,0.0022,0.522974,hard,Chapter 2,2.3 Analyzing Findings,54,The passage explains the independent variable's role but does not mention double-blind requirements.,"An independent variable is manipulated or controlled by the experimenter. In a well-designed experimental study, the independent variable is the only important difference between the experimental and control groups.",Double-blind studies are strictly required to ensure that the independent variable is the only difference between groups.
NLI_087,contradiction,contradiction,0.9915,0.0003,0.0082,0.9915,0.860815,medium,Chapter 2,2.3 Analyzing Findings,54,"The claim states the experimenter avoids controlling it, directly contradicting the text.","An independent variable is manipulated or controlled by the experimenter. In a well-designed experimental study, the independent variable is the only important difference between the experimental and control groups.","In experimental studies, the independent variable is the one variable that the experimenter explicitly avoids controlling."
NLI_088,entailment,entailment,0.9964,0.9964,0.0035,0.0001,0.73039,medium,Chapter 2,2.3 Analyzing Findings,55,The claim faithfully condenses the text's statement on the benefit of random assignment.,"Random assignment is critical for sound experimental design. With sufficiently large samples, random assignment makes it unlikely that there are systematic differences between the groups.",Utilizing random assignment with large samples minimizes the likelihood of systematic differences between experimental groups.
NLI_089,neutral,neutral,0.9997,0.0001,0.9997,0.0002,0.519498,medium,Chapter 2,2.3 Analyzing Findings,55,The text explains the importance of random assignment but not the specific computerized methods for achieving it.,"Random assignment is critical for sound experimental design. With sufficiently large samples, random assignment makes it unlikely that there are systematic differences between the groups.",Random assignment is achieved by using computerized random number generators approved by the APA.
NLI_090,contradiction,contradiction,0.9999,0.0,0.0001,0.9999,0.719207,medium,Chapter 2,2.3 Analyzing Findings,55,"The claim states random assignment guarantees systematic differences, directly opposing the text.","Random assignment is critical for sound experimental design. With sufficiently large samples, random assignment makes it unlikely that there are systematic differences between the groups.",Random assignment guarantees that experimental groups will always have massive systematic differences.
NLI_091,entailment,neutral,0.9973,0.0027,0.9973,0.0,0.774275,medium,Chapter 2,2.3 Analyzing Findings,58,The claim applies the textbook's definition of reliability as consistent reproduction of results.,"Reliability refers to the ability to consistently produce a given result. In the context of psychological research, this would mean that any instruments or tools used to collect data do so in consistent, reproducible ways.","If a psychological tool consistently produces the same result under the same conditions, it demonstrates reliability."
NLI_092,neutral,neutral,0.9984,0.0001,0.9984,0.0016,0.629346,hard,Chapter 2,2.3 Analyzing Findings,58,The text defines reliability but makes no comparison regarding the relative statistical importance of validity.,"Reliability refers to the ability to consistently produce a given result. In the context of psychological research, this would mean that any instruments or tools used to collect data do so in consistent, reproducible ways.",Validity is considered statistically more important than reliability when evaluating psychological data.
NLI_093,contradiction,contradiction,1.0,0.0,0.0,1.0,0.864301,easy,Chapter 2,2.3 Analyzing Findings,58,"The claim defines reliability as producing inconsistent results, contrary to the text.","Reliability refers to the ability to consistently produce a given result. In the context of psychological research, this would mean that any instruments or tools used to collect data do so in consistent, reproducible ways.",Reliability in psychological research refers to a tool's ability to produce wildly different and inconsistent results every time it is used.
NLI_094,entailment,entailment,0.9982,0.9982,0.0018,0.0001,0.855082,easy,Chapter 2,2.4 Ethics,60,The claim restates the text's assertion that informed consent is required before participation.,"An institution's IRB requires several components in any experiment it approves. For one, each participant must sign an informed consent form before they can participate in the experiment.",Signing an informed consent form is a prerequisite for participants in an experiment approved by an IRB.
NLI_095,neutral,neutral,0.9998,0.0001,0.9998,0.0002,0.641686,medium,Chapter 2,2.4 Ethics,60,The text discusses IRB requirements but does not provide timelines for the approval process.,"An institution's IRB requires several components in any experiment it approves. For one, each participant must sign an informed consent form before they can participate in the experiment.",IRB approval processes usually take between 3 to 6 months before an experiment can begin.
NLI_096,contradiction,contradiction,0.9999,0.0,0.0001,0.9999,0.786926,medium,Chapter 2,2.4 Ethics,60,The claim asserts participants are prohibited from signing the form that the text says they must sign.,"An institution's IRB requires several components in any experiment it approves. For one, each participant must sign an informed consent form before they can participate in the experiment.",Participants are legally prohibited from signing informed consent forms before an IRB-approved experiment.
NLI_097,entailment,entailment,0.9906,0.9906,0.0091,0.0003,0.763405,hard,Chapter 3,3.1 Human Genetics,74,"The claim successfully connects the text's definitions of DNA, genes, traits, and alleles into one coherent summary.","In each chromosome, sequences of DNA make up genes that control or partially control a number of visible characteristics, known as traits, such as eye color, hair color, and so on. A single gene may have multiple possible variations, or alleles.","Alleles are variations of a single gene, which is made up of DNA sequences and controls physical traits."
NLI_098,neutral,neutral,0.9994,0.0002,0.9994,0.0004,0.614634,hard,Chapter 3,3.1 Human Genetics,74,The text gives eye color as an example of a trait but does not specify its chromosomal location or exact allele count.,"In each chromosome, sequences of DNA make up genes that control or partially control a number of visible characteristics, known as traits, such as eye color, hair color, and so on. A single gene may have multiple possible variations, or alleles.",Eye color is controlled by exactly three distinct alleles located on chromosome 15.
NLI_099,contradiction,contradiction,0.9998,0.0,0.0001,0.9998,0.582568,easy,Chapter 3,3.1 Human Genetics,74,"The claim asserts genes do not influence visible characteristics, completely contradicting the text.","In each chromosome, sequences of DNA make up genes that control or partially control a number of visible characteristics, known as traits, such as eye color, hair color, and so on. A single gene may have multiple possible variations, or alleles.",Genes have no influence over visible characteristics such as eye color or hair color.
NLI_100,entailment,entailment,0.9984,0.9984,0.0014,0.0002,0.948647,medium,Chapter 3,3.1 Human Genetics,74,The claim clearly contrasts the definitions of genotype and phenotype as provided in the evidence.,"A person's genotype is the genetic makeup of that individual. Phenotype, on the other hand, refers to the individual's inherited physical characteristics, which are a combination of genetic and environmental influences.","Phenotype describes an individual's physical traits, influenced by both their genetics and their environment, whereas genotype refers to their genetic makeup."
NLI_101,neutral,neutral,0.9997,0.0,0.9997,0.0002,0.527843,medium,Chapter 3,3.1 Human Genetics,74,The text mentions environmental influences on phenotype but does not quantify them as 50%.,"A person's genotype is the genetic makeup of that individual. Phenotype, on the other hand, refers to the individual's inherited physical characteristics, which are a combination of genetic and environmental influences.",Environmental influences account for exactly 50% of the variations observed in an individual's phenotype.
NLI_102,contradiction,contradiction,1.0,0.0,0.0,1.0,0.678945,easy,Chapter 3,3.1 Human Genetics,74,"The claim swaps the definitions, incorrectly applying the definition of phenotype to genotype.","A person's genotype is the genetic makeup of that individual. Phenotype, on the other hand, refers to the individual's inherited physical characteristics, which are a combination of genetic and environmental influences.","A person's genotype refers exclusively to their observable physical traits, completely ignoring their genetic makeup."
NLI_103,entailment,entailment,0.9981,0.9981,0.0018,0.0001,0.87889,medium,Chapter 3,3.2 Cells of the Nervous System,79,The claim accurately combines the structural description of dendrites with their functional role as input sites.,"The soma has branching extensions known as dendrites. The neuron is a small information processor, and dendrites serve as input sites where signals are received from other neurons.",Dendrites are branching extensions from the soma that act as receivers for signals coming from other neurons.
NLI_104,neutral,neutral,0.9998,0.0001,0.9998,0.0001,0.622891,hard,Chapter 3,3.2 Cells of the Nervous System,79,The text explains what dendrites are but does not address neuroplasticity or learning-induced dendritic branching.,"The soma has branching extensions known as dendrites. The neuron is a small information processor, and dendrites serve as input sites where signals are received from other neurons.","As a person learns new skills, the dendrites on their neurons branch out to form thousands of new connections."
NLI_105,contradiction,contradiction,0.9999,0.0,0.0001,0.9999,0.79465,hard,Chapter 3,3.2 Cells of the Nervous System,79,"The claim describes dendrites as output sites, conflicting with the text identifying them as input sites.","The soma has branching extensions known as dendrites. The neuron is a small information processor, and dendrites serve as input sites where signals are received from other neurons.","Dendrites serve as the primary output sites of a neuron, exclusively transmitting signals away from the soma to other cells."
NLI_106,entailment,entailment,0.9982,0.9982,0.0018,0.0,0.905389,easy,Chapter 3,3.2 Cells of the Nervous System,79,The claim seamlessly rephrases the function and composition of the myelin sheath.,"In some axons, glial cells form a fatty substance known as the myelin sheath, which coats the axon and acts as an insulator, increasing the speed at which the signal travels.",The myelin sheath is a fatty insulator formed by glial cells that speeds up signal transmission along the axon.
NLI_107,neutral,neutral,0.9998,0.0001,0.9998,0.0002,0.405454,hard,Chapter 3,3.2 Cells of the Nervous System,79,The text states the sheath is a fatty substance but does not discuss dietary effects on its deterioration.,"In some axons, glial cells form a fatty substance known as the myelin sheath, which coats the axon and acts as an insulator, increasing the speed at which the signal travels.",Diets highly deficient in Omega-3 fatty acids can cause severe deterioration of the myelin sheath.
NLI_108,contradiction,contradiction,0.9999,0.0,0.0001,0.9999,0.69757,medium,Chapter 3,3.2 Cells of the Nervous System,79,"The claim states the sheath slows down the signal, contradicting the text which states it increases speed.","In some axons, glial cells form a fatty substance known as the myelin sheath, which coats the axon and acts as an insulator, increasing the speed at which the signal travels.",The myelin sheath drastically slows down the speed at which an electrical signal travels along the axon.
NLI_109,entailment,entailment,0.9982,0.9982,0.0017,0.0001,0.907404,medium,Chapter 3,3.3 Parts of the Nervous System,85,The claim correctly restates the complementary functions of the two autonomic subdivisions.,"The sympathetic nervous system is involved in preparing the body for stress-related activities; the parasympathetic nervous system is associated with returning the body to routine, day-to-day operations.","While the sympathetic nervous system primes the body to handle stress, the parasympathetic nervous system restores routine operations."
NLI_110,neutral,neutral,0.9983,0.0,0.9983,0.0016,0.562777,hard,Chapter 3,3.3 Parts of the Nervous System,85,The text links the sympathetic system to stress prep but makes no claims about its role as the leading cause of clinical anxiety.,"The sympathetic nervous system is involved in preparing the body for stress-related activities; the parasympathetic nervous system is associated with returning the body to routine, day-to-day operations.",An overactive sympathetic nervous system is the leading biological cause of chronic clinical anxiety.
NLI_111,contradiction,contradiction,0.9995,0.0,0.0004,0.9995,0.803743,easy,Chapter 3,3.3 Parts of the Nervous System,85,"The claim attributes stress preparation to the parasympathetic system, directly conflicting with the text.","The sympathetic nervous system is involved in preparing the body for stress-related activities; the parasympathetic nervous system is associated with returning the body to routine, day-to-day operations.",The parasympathetic nervous system is strictly responsible for preparing the body for high-stress activities.
NLI_112,entailment,entailment,0.9987,0.9987,0.0013,0.0001,0.860981,medium,Chapter 3,3.4 The Brain and Spinal Cord,89,The claim accurately links the named higher-level processes to the cerebral cortex.,"The cerebral cortex, which is the outer surface of the brain, is associated with higher level processes such as consciousness, thought, emotion, reasoning, language, and memory.","Higher-level cognitive functions like language, reasoning, and consciousness are linked to the brain's outer surface known as the cerebral cortex."
NLI_113,neutral,neutral,0.9998,0.0001,0.9998,0.0001,0.526056,medium,Chapter 3,3.4 The Brain and Spinal Cord,89,The evidence describes the function of the cortex but does not compare its thickness across species.,"The cerebral cortex, which is the outer surface of the brain, is associated with higher level processes such as consciousness, thought, emotion, reasoning, language, and memory.",The cerebral cortex is significantly thicker in humans than it is in any other primate species.
NLI_114,contradiction,contradiction,1.0,0.0,0.0,1.0,0.639976,medium,Chapter 3,3.4 The Brain and Spinal Cord,89,"The claim misidentifies the cortex as a deep structure for reflexes, contradicting its location on the outer surface and role in higher processes.","The cerebral cortex, which is the outer surface of the brain, is associated with higher level processes such as consciousness, thought, emotion, reasoning, language, and memory.",The cerebral cortex is a subcortical structure located deep inside the brain that controls automatic reflexes.
NLI_115,entailment,entailment,0.9983,0.9983,0.0016,0.0,0.824863,easy,Chapter 3,3.4 The Brain and Spinal Cord,92,The claim is a straightforward paraphrase of the thalamus's role as a sensory relay.,"The thalamus is a sensory relay for the brain. All of our senses, with the exception of smell, are routed through the thalamus before being directed to other areas of the brain for processing.","Except for the sense of smell, all sensory information passes through the thalamus before further processing in the brain."
NLI_116,neutral,neutral,0.9998,0.0001,0.9998,0.0001,0.511518,hard,Chapter 3,3.4 The Brain and Spinal Cord,92,"The text states senses route through the thalamus, but does not provide data on the specific clinical outcomes of thalamic damage.","The thalamus is a sensory relay for the brain. All of our senses, with the exception of smell, are routed through the thalamus before being directed to other areas of the brain for processing.",Damage to the thalamus most frequently results in a complete and permanent loss of hearing.
NLI_117,contradiction,contradiction,0.9998,0.0001,0.0001,0.9998,0.765097,medium,Chapter 3,3.4 The Brain and Spinal Cord,92,"The claim asserts smell relies completely on the thalamus, while the text explicitly lists smell as the one exception not routed there.","The thalamus is a sensory relay for the brain. All of our senses, with the exception of smell, are routed through the thalamus before being directed to other areas of the brain for processing.",The sense of smell is the only sense that relies completely on the thalamus to be processed.
NLI_118,entailment,entailment,0.9833,0.9833,0.0164,0.0003,0.94333,medium,Chapter 3,3.4 The Brain and Spinal Cord,92,The claim correctly assigns the respective functions to the hippocampus and amygdala based on the text.,The hippocampus is an essential structure for learning and memory. The amygdala is involved in our experience of emotion and in tying emotional meaning to our memories.,"While the hippocampus is critical for learning and memory, the amygdala helps connect emotional significance to those memories."
NLI_119,neutral,neutral,0.9993,0.0,0.9993,0.0007,0.611696,hard,Chapter 3,3.4 The Brain and Spinal Cord,92,The text explains the functions of these limbic structures but omits developmental timelines.,The hippocampus is an essential structure for learning and memory. The amygdala is involved in our experience of emotion and in tying emotional meaning to our memories.,"The amygdala develops fully by age three, whereas the hippocampus continues to develop into early adulthood."
NLI_120,contradiction,contradiction,0.9979,0.0003,0.0018,0.9979,0.917712,hard,Chapter 3,3.4 The Brain and Spinal Cord,92,"The claim swaps the roles of the amygdala and hippocampus, contradicting the evidence.",The hippocampus is an essential structure for learning and memory. The amygdala is involved in our experience of emotion and in tying emotional meaning to our memories.,"The hippocampus is responsible for tying emotional meaning to our memories, while the amygdala handles basic learning tasks."
NLI_121,entailment,entailment,0.9729,0.9729,0.0268,0.0002,0.877565,easy,Chapter 5,5.1 Sensation versus Perception,146,The claim is a direct paraphrase of the textbook's definition of an absolute threshold.,The absolute threshold refers to the minimum amount of stimulus energy that must be present for the stimulus to be detected 50 percent of the time. Another way to think about this is asking how dim a light can be or how soft a sound can be and still be detected half of the time.,An absolute threshold is the lowest level of stimulus intensity that a person can detect half of the time.
NLI_122,neutral,neutral,0.9996,0.0001,0.9996,0.0003,0.542631,medium,Chapter 5,5.1 Sensation versus Perception,146,The evidence defines the absolute threshold but does not provide any information regarding how it changes with age.,The absolute threshold refers to the minimum amount of stimulus energy that must be present for the stimulus to be detected 50 percent of the time. Another way to think about this is asking how dim a light can be or how soft a sound can be and still be detected half of the time.,The absolute threshold for detecting a dim light decreases significantly as a person ages past 60.
NLI_123,contradiction,contradiction,0.9983,0.001,0.0007,0.9983,0.931163,hard,Chapter 5,5.3 Vision,155,"The claim reverses the functions of rods and cones, attributing the characteristics of cones to rods and vice versa.","Rods are specialized photoreceptors that work well in low light conditions, while they lack the spatial resolution and color function of the cones. Cones are specialized photoreceptors that work best in bright light conditions and are very sensitive to acute detail and provide tremendous spatial resolution.","Cones are photoreceptors specialized for low light conditions, while rods are best suited for bright light and high spatial resolution."
NLI_124,entailment,entailment,0.9986,0.9986,0.0013,0.0001,0.611624,medium,Chapter 5,5.6 Gestalt Principles of Perception,169,The claim accurately captures the meaning of the Gestalt principle of proximity using slightly different wording.,"The Gestalt principle of proximity asserts that things that are close to one another tend to be grouped together. For example, we read text as distinct words rather than a continuous string of letters because there are spaces separating the words.","According to the principle of proximity, objects positioned near each other are generally perceived as part of a group."
NLI_125,neutral,neutral,0.9996,0.0,0.9996,0.0004,0.578996,hard,Chapter 5,5.6 Gestalt Principles of Perception,169,The text explains the principle but offers no information on the historical or clinical origins of its discovery.,"The Gestalt principle of proximity asserts that things that are close to one another tend to be grouped together. For example, we read text as distinct words rather than a continuous string of letters because there are spaces separating the words.",The Gestalt principle of proximity was first identified by researchers studying visual processing in patients with brain lesions.
NLI_126,contradiction,contradiction,0.9992,0.0001,0.0007,0.9992,0.730788,easy,Chapter 5,5.1 Sensation versus Perception,147,The claim incorrectly assigns the definition of top-down processing to bottom-up processing.,"Bottom-up processing refers to sensory information from a stimulus in the environment driving a process, while top-down processing refers to knowledge and expectancy driving a process.",Bottom-up processing is driven by an individual's knowledge and expectations.
NLI_127,entailment,entailment,0.9941,0.9941,0.0058,0.0,0.76551,hard,Chapter 5,5.2 Waves and Wavelengths,150,The claim correctly combines the physical definition of amplitude with its perceptual effect on loudness.,"The amplitude of a given wave is the distance from the center line to the top point of the crest or the bottom point of the trough. In terms of hearing, larger amplitudes are associated with louder sounds.",A sound wave with a greater distance from its center line to its crest will be perceived as louder than a wave with a smaller distance.
NLI_128,neutral,neutral,0.999,0.0007,0.999,0.0003,0.505687,medium,Chapter 5,5.2 Waves and Wavelengths,150,"While decibels are associated with loudness, the provided text does not mention decibels or standard units of measurement.","The amplitude of a given wave is the distance from the center line to the top point of the crest or the bottom point of the trough. In terms of hearing, larger amplitudes are associated with louder sounds.",A decibel is the standard unit of measurement for wave amplitude in human auditory research.
NLI_129,contradiction,neutral,0.8824,0.0056,0.8824,0.1119,0.871769,medium,Chapter 5,5.3 Vision,158,"The claim categorizes binocular disparity as a monocular cue, contradicting the text which explicitly states it relies on both eyes.","Binocular depth cues rely on the use of both eyes. One example is binocular disparity, the slightly different view of the world that each of our eyes receives. Monocular depth cues, however, require only one eye.",Binocular disparity is an example of a monocular depth cue because it can be processed using only one eye.
NLI_130,contradiction,contradiction,1.0,0.0,0.0,1.0,0.893091,hard,Chapter 5,5.5 The Other Senses,165,"The claim changes the location from the top to the bottom of the nose and negates the role of mucus, directly conflicting with the evidence.",Olfactory receptor cells are located in a mucous membrane at the top of the nose. Small hair-like extensions from these receptors serve as the sites for odor molecules dissolved in the mucus to interact with chemical receptors located on these extensions.,Olfactory receptor cells are located at the bottom of the nasal cavity and process odor molecules without the need for mucus.
NLI_131,entailment,entailment,0.9944,0.9944,0.0055,0.0001,0.705765,easy,Chapter 6,6.1 What Is Learning?,182,The claim is a direct factual support of the textbook's definition of classical conditioning.,"Classical conditioning is a process by which we learn to associate stimuli and, consequently, to anticipate events. Operant conditioning, on the other hand, is a learning process in which a behavior is strengthened or weakened by its consequences.","In classical conditioning, organisms learn to associate different stimuli, which helps them anticipate future events."
NLI_132,neutral,neutral,0.9998,0.0001,0.9998,0.0001,0.661043,medium,Chapter 6,6.1 What Is Learning?,182,The text defines both types of conditioning but does not compare their effectiveness for complex animal training.,"Classical conditioning is a process by which we learn to associate stimuli and, consequently, to anticipate events. Operant conditioning, on the other hand, is a learning process in which a behavior is strengthened or weakened by its consequences.",Operant conditioning is more effective than classical conditioning when teaching animals to perform complex tricks.
NLI_133,contradiction,contradiction,0.8611,0.1317,0.0072,0.8611,0.772228,hard,Chapter 6,6.2 Classical Conditioning,184,"The claim swaps the roles, identifying the meat powder as the conditioned stimulus instead of the unconditioned stimulus.","In Pavlov's experiments, the unconditioned stimulus (UCS) was the meat powder, which elicited the unconditioned response (UCR) of salivation. The bell was the conditioned stimulus (CS) that eventually elicited the conditioned response (CR).","In Pavlov's experiments, the meat powder served as the conditioned stimulus that produced the unconditioned response."
NLI_134,entailment,entailment,0.9974,0.9974,0.0026,0.0001,0.814576,medium,Chapter 6,6.3 Operant Conditioning,194,The claim correctly captures the mechanism and goal of negative reinforcement as described in the text.,"In negative reinforcement, an undesirable stimulus is removed to increase a behavior. For example, car manufacturers use negative reinforcement in seatbelt systems, which beep until you fasten your seatbelt. In punishment, a consequence is added to decrease a behavior.",Negative reinforcement aims to increase the likelihood of a behavior by removing an unpleasant stimulus.
NLI_135,neutral,neutral,0.9162,0.0,0.9162,0.0838,0.612276,hard,Chapter 6,6.3 Operant Conditioning,194,"The text explains the concept and gives a human example, but does not state whether it can or cannot be used on animals.","In negative reinforcement, an undesirable stimulus is removed to increase a behavior. For example, car manufacturers use negative reinforcement in seatbelt systems, which beep until you fasten your seatbelt. In punishment, a consequence is added to decrease a behavior.",Negative reinforcement is strictly used by humans and cannot be effectively applied to train domestic animals.
NLI_136,contradiction,contradiction,0.997,0.0008,0.0023,0.997,0.800679,easy,Chapter 6,6.3 Operant Conditioning,194,"The claim states negative reinforcement decreases behavior, which contradicts the text stating it increases behavior.","In negative reinforcement, an undesirable stimulus is removed to increase a behavior. For example, car manufacturers use negative reinforcement in seatbelt systems, which beep until you fasten your seatbelt. In punishment, a consequence is added to decrease a behavior.",Both negative reinforcement and punishment are techniques designed to decrease the frequency of a behavior.
NLI_137,entailment,entailment,0.9855,0.9855,0.0144,0.0001,0.82483,hard,Chapter 6,6.3 Operant Conditioning,198,The claim synthesizes the characteristics of the variable ratio schedule and applies the slot machine example accurately.,"A variable ratio reinforcement schedule is unpredictable and yields high and steady response rates, with little if any pause after reinforcement. A gambler playing a slot machine is an example of behavior maintained by a variable ratio schedule.","Because it is unpredictable, a variable ratio schedule produces consistent, high rates of response, much like a person continuously playing a slot machine."
NLI_138,neutral,neutral,0.7525,0.0001,0.7525,0.2474,0.639708,medium,Chapter 6,6.3 Operant Conditioning,198,The text uses slot machines as an example but provides no specific numerical payout percentages.,"A variable ratio reinforcement schedule is unpredictable and yields high and steady response rates, with little if any pause after reinforcement. A gambler playing a slot machine is an example of behavior maintained by a variable ratio schedule.",Slot machines are programmed to pay out exactly 85% of the time to maintain the variable ratio schedule.
NLI_139,contradiction,contradiction,0.9999,0.0,0.0001,0.9999,0.618581,medium,Chapter 6,6.4 Observational Learning (Modeling),203,"The claim reverses Bandura's position, stating he rejected modeling and relied on external reinforcement, contrary to the text.","Observational learning is learning by watching others and then imitating, or modeling, what they do or say. Albert Bandura proposed this brand of learning, arguing that pure behaviorism could not explain why learning can take place in the absence of external reinforcement.","Bandura believed that external reinforcement is the only way learning can take place, rejecting the concept of modeling."
NLI_140,entailment,entailment,0.9978,0.9978,0.0021,0.0,0.703371,hard,Chapter 6,6.3 Operant Conditioning,200,"The claim effectively paraphrases latent learning, equating 'reason to demonstrate it' with 'motivation arises'.","Edward Tolman's experiments with rats demonstrated that organisms can learn even if they do not receive immediate reinforcement. This concept is called latent learning, which is learning that occurs but is not observable in behavior until there is a reason to demonstrate it.",Latent learning refers to knowledge that is acquired but not immediately expressed in behavior until a motivation arises.
NLI_141,entailment,entailment,0.9967,0.9967,0.0033,0.0,0.815584,easy,Chapter 7,7.1 What Is Cognition?,215,The claim simplifies and directly supports the definition of a prototype.,"A prototype is the best example or representation of a concept. For example, for the category of civil disobedience, your prototype could be Rosa Parks.",A prototype serves as the prime example of a specific concept.
NLI_142,neutral,neutral,0.9996,0.0003,0.9996,0.0001,0.328742,medium,Chapter 7,7.1 What Is Cognition?,215,The text offers Rosa Parks as an example of a prototype but does not state she is recognized as such across all cultures globally.,"A prototype is the best example or representation of a concept. For example, for the category of civil disobedience, your prototype could be Rosa Parks.",Rosa Parks is recognized as a prototype for civil disobedience across all cultures globally.
NLI_143,contradiction,contradiction,0.9999,0.0,0.0001,0.9999,0.827837,hard,Chapter 7,7.3 Problem Solving,225,"The claim defines functional fixedness as the ability to see unusual uses, exactly reversing the actual limitation described.","Functional fixedness is a type of mental set where you cannot perceive an object being used for something other than what it was designed for. In an experiment, individuals struggled to see a box of thumbtacks as a candle holder.",Functional fixedness allows individuals to easily imagine creative and unusual uses for everyday objects.
NLI_144,entailment,entailment,0.998,0.998,0.0019,0.0001,0.923294,medium,Chapter 7,7.3 Problem Solving,226,The claim correctly combines and paraphrases the definitions of both biases provided in the text.,"Confirmation bias is the tendency to focus on information that confirms your existing beliefs. Hindsight bias leads you to believe that the event you just experienced was predictable, even though it really wasn't.","While confirmation bias involves prioritizing information that supports what you already believe, hindsight bias creates the false impression that an event was predictable."
NLI_145,neutral,neutral,0.9998,0.0,0.9998,0.0002,0.567839,hard,Chapter 7,7.3 Problem Solving,226,The text explains hindsight bias but does not correlate its frequency with levels of formal education.,"Confirmation bias is the tendency to focus on information that confirms your existing beliefs. Hindsight bias leads you to believe that the event you just experienced was predictable, even though it really wasn't.",Hindsight bias is most frequently experienced by individuals with lower levels of formal education.
NLI_146,contradiction,contradiction,0.9985,0.0002,0.0013,0.9985,0.883897,easy,Chapter 7,7.4 What Are Intelligence and Creativity?,228,The claim swaps the definitions of fluid and crystallized intelligence.,Fluid intelligence encompasses the ability to see complex relationships and solve problems. Crystallized intelligence is characterized as acquired knowledge and the ability to retrieve it.,"Fluid intelligence relies strictly on recalling previously acquired knowledge, whereas crystallized intelligence involves solving novel problems."
NLI_147,entailment,entailment,0.9983,0.9983,0.0016,0.0001,0.940731,hard,Chapter 7,7.4 What Are Intelligence and Creativity?,229,The claim consolidates the components of Sternberg's theory and correctly identifies the comparison for practical intelligence.,"Robert Sternberg developed the triarchic theory of intelligence, which sees intelligence as comprised of three parts: practical, creative, and analytical intelligence. Practical intelligence is sometimes compared to 'street smarts'.","Sternberg's triarchic theory proposes that intelligence consists of analytical, creative, and practical components, with the latter resembling 'street smarts'."
NLI_148,neutral,neutral,0.9966,0.0,0.9966,0.0033,0.534867,medium,Chapter 7,7.4 What Are Intelligence and Creativity?,229,The text lists the three parts of intelligence but does not state which is most important for financial success.,"Robert Sternberg developed the triarchic theory of intelligence, which sees intelligence as comprised of three parts: practical, creative, and analytical intelligence. Practical intelligence is sometimes compared to 'street smarts'.","According to Sternberg, analytical intelligence is the single most important factor for predicting financial success."
NLI_149,contradiction,contradiction,0.9973,0.002,0.0006,0.9973,0.853009,medium,Chapter 7,7.4 What Are Intelligence and Creativity?,231,The claim assigns the definition of divergent thinking to convergent thinking and vice versa.,"Divergent thinking can be described as thinking 'outside the box'; it allows an individual to arrive at multiple unique solutions to a given problem. In contrast, convergent thinking describes the ability to provide a correct or well-established answer or solution to a problem.","Convergent thinking is the ability to generate multiple unique solutions to a problem, while divergent thinking provides a single established answer."
NLI_150,neutral,neutral,0.9998,0.0001,0.9998,0.0001,0.725234,hard,Chapter 7,7.5 Measures of Intelligence,233,The passage defines the Flynn effect but provides no details on how it was originally discovered.,"The Flynn effect refers to the observation that each generation has a significantly higher IQ than the last. However, researchers argue that increased IQ scores do not necessarily mean that younger generations are more intelligent.",The Flynn effect was originally discovered by analyzing the intelligence test scores of military recruits over three decades.
NLI_151,entailment,entailment,0.8276,0.8276,0.1298,0.0427,0.766881,easy,Chapter 8,8.1 How Memory Functions,248,The claim restates the definition of encoding as the input phase of memory.,"Memory is the set of processes used to encode, store, and retrieve information over different periods of time. Encoding involves the input of information into the memory system.",Encoding is the initial process of bringing information into the memory system.
NLI_152,neutral,neutral,0.9998,0.0001,0.9998,0.0001,0.683743,medium,Chapter 8,8.1 How Memory Functions,249,The text differentiates semantic and acoustic encoding but provides no numerical comparison of their retention duration.,"Acoustic encoding is the encoding of sounds, words in particular. Semantic encoding is the encoding of words and their meaning. William Bousfield (1953) conducted an experiment suggesting people use semantic encoding to group words into categories.",Semantic encoding allows people to retain information for up to ten years longer than acoustic encoding.
NLI_153,contradiction,contradiction,0.9985,0.0,0.0014,0.9985,0.769294,hard,Chapter 8,8.1 How Memory Functions,250,The claim drastically alters the duration of sensory memory from 'a couple of seconds' to 'several hours'.,"Sensory memory is the storage of brief sensory events, such as sights, sounds, and tastes. It is very brief storage—up to a couple of seconds. Information not transferred to short-term memory is discarded.",Sensory memory stores environmental stimuli for several hours before transferring them to short-term memory.
NLI_154,entailment,entailment,0.9916,0.9916,0.0083,0.0001,0.618379,medium,Chapter 8,8.1 How Memory Functions,251,The claim accurately integrates the definition of explicit memory with the provided example of studying.,"Explicit memories are those we consciously try to remember and recall. For example, if you are studying for your chemistry exam, the material you are learning will be part of your explicit memory. Implicit memories are memories that are not part of our consciousness.","Material actively studied for a test becomes part of explicit memory, which involves conscious recall."
NLI_155,neutral,neutral,0.9998,0.0001,0.9998,0.0001,0.664994,hard,Chapter 8,8.1 How Memory Functions,251,"While true in neurobiology, the specific brain structures involved in implicit memory are absent from this evidence text.","Explicit memories are those we consciously try to remember and recall. For example, if you are studying for your chemistry exam, the material you are learning will be part of your explicit memory. Implicit memories are memories that are not part of our consciousness.",Implicit memories are primarily processed and stored in the cerebellum rather than the hippocampus.
NLI_156,contradiction,contradiction,0.8941,0.0328,0.0731,0.8941,0.836011,medium,Chapter 8,8.3 Problems with Memory,259,The claim incorrectly applies the definition of retrograde amnesia to anterograde amnesia.,"Retrograde amnesia is loss of memory for events that occurred prior to the trauma. Anterograde amnesia means you cannot remember new information, although you can remember information and events that happened prior to your injury.",Anterograde amnesia is defined as the inability to recall any events that occurred before a brain trauma.
NLI_157,entailment,entailment,0.9978,0.9978,0.0021,0.0001,0.78528,hard,Chapter 8,8.3 Problems with Memory,264,The claim correctly identifies the mechanics of retroactive interference using synonymous phrasing.,Proactive interference happens when old information hinders the recall of newly learned information. Retroactive interference happens when information learned more recently hinders the recall of older information.,"When recently acquired knowledge makes it difficult to retrieve older memories, this phenomenon is called retroactive interference."
NLI_158,neutral,neutral,0.9997,0.0,0.9997,0.0002,0.723633,medium,Chapter 8,8.3 Problems with Memory,260,The evidence outlines Loftus's paradigm but does not mention its use in criminal trials during the 1990s.,"Cognitive psychologist Elizabeth Loftus has conducted extensive research on memory. She developed the misinformation effect paradigm, which holds that after exposure to incorrect information, a person may misremember the original event.",Elizabeth Loftus's research on the misinformation effect was heavily utilized during the 1990s in high-profile criminal trials.
NLI_159,contradiction,contradiction,1.0,0.0,0.0,1.0,0.834487,medium,Chapter 8,8.2 Parts of the Brain Involved with Memory,258,"The claim reverses all characteristics of a flashbulb memory (fuzzy instead of clear, mundane instead of important).","A flashbulb memory is an exceptionally clear recollection of an important event. For example, many people can remember exactly where they were when they first heard about the 9/11 terrorist attacks.","Flashbulb memories are typically fuzzy and highly inaccurate recollections of everyday, mundane events."
NLI_160,contradiction,contradiction,1.0,0.0,0.0,1.0,0.861061,hard,Chapter 8,8.4 Ways to Enhance Memory,270,"The claim states chunking involves keeping data as one unbroken string, completely reversing the actual definition of breaking it into bits.",Chunking is a memory-enhancing strategy where you organize information into manageable bits or chunks. Chunking is useful when trying to remember information like dates and phone numbers.,"Chunking is a strategy that requires individuals to memorize information entirely as one large, unbroken string of data."
NLI_161,entailment,entailment,0.9967,0.9967,0.0033,0.0001,0.742702,easy,Chapter 9,9.1 What Is Lifespan Development?,281,The claim accurately distinguishes continuous development from the discontinuous stage model.,"Continuous development views development as a cumulative process, gradually improving on existing skills. In contrast, discontinuous development believes that development takes place in unique stages, occurring at specific times or ages.","The continuous development perspective sees growth as a gradual, cumulative improvement rather than a series of abrupt stages."
NLI_162,neutral,neutral,0.9994,0.0001,0.9994,0.0005,0.784443,medium,Chapter 9,9.2 Lifespan Theories,287,"The text states Piaget focused on cognitive growth, but does not indicate his views on cultural variations.","Jean Piaget studied childhood development, focusing on children's cognitive growth. He believed that thinking is a central aspect of development and that children are naturally inquisitive.",Piaget believed that children's cognitive growth varies drastically based on the specific cultural environment in which they are raised.
NLI_163,contradiction,contradiction,0.9581,0.0004,0.0415,0.9581,0.465644,hard,Chapter 9,9.3 Stages of Development,296,The claim shifts object permanence from the sensorimotor stage (5-8 months) to the preoperational stage (age 4).,"Piaget's first stage is the sensorimotor stage, lasting from birth to about 2 years old. During this stage, children learn about the world through their senses and motor behavior. Between 5 and 8 months old, the child develops object permanence.","Object permanence, the understanding that an object exists even when out of sight, does not develop until the preoperational stage at age 4."
NLI_164,entailment,entailment,0.9965,0.9965,0.0035,0.0001,0.590904,medium,Chapter 9,9.3 Stages of Development,297,The claim directly supports the text's assertion about children in the preoperational stage lacking conservation.,"In the preoperational stage (from approximately 2 to 7 years old), children can use symbols to represent words, images, and ideas. However, they cannot understand adult logic or mentally manipulate information, and they have not developed an understanding of conservation.",Children between 2 and 7 years old lack the ability to grasp the concept of conservation.
NLI_165,neutral,neutral,0.9995,0.0004,0.9995,0.0001,0.546318,hard,Chapter 9,9.3 Stages of Development,297,"While mathematical division requires logic, the specific struggle with it is not stated in the evidence.","In the preoperational stage (from approximately 2 to 7 years old), children can use symbols to represent words, images, and ideas. However, they cannot understand adult logic or mentally manipulate information, and they have not developed an understanding of conservation.","Because they cannot understand adult logic, children in the preoperational stage struggle specifically with mathematical division."
NLI_166,contradiction,contradiction,0.9998,0.0,0.0001,0.9998,0.744889,easy,Chapter 9,9.3 Stages of Development,303,"The claim states avoidant children seek the parent as a base, which directly contradicts the text.","With secure attachment, the toddler prefers their parent over a stranger. The attachment figure is used as a secure base to explore the environment. With avoidant attachment, the child is unresponsive to the parent and does not use the parent as a secure base.",A child with an avoidant attachment style actively seeks out the parent as a secure base for exploration.
NLI_167,entailment,entailment,0.9946,0.9946,0.0054,0.0,0.723648,hard,Chapter 9,9.3 Stages of Development,308,The claim effectively paraphrases 'forming an identity' and asking 'Who am I?' as grappling with defining a sense of self and goals.,"In Erikson's theory, the primary task of adolescents is forming an identity. This is the stage of identity versus role confusion. Adolescents ask questions such as 'Who am I?' and 'What do I want to do with my life?'","During the identity versus role confusion stage, adolescents grapple with defining their personal goals and sense of self."
NLI_168,neutral,neutral,0.9996,0.0001,0.9996,0.0003,0.557925,medium,Chapter 9,9.3 Stages of Development,304,The text describes the authoritative style but does not discuss its interaction with genetic predispositions.,"Diana Baumrind developed and refined a theory describing four parenting styles: authoritative, authoritarian, permissive, and uninvolved. With the authoritative style, the parent gives reasonable demands and consistent limits, expresses warmth and affection, and listens to the child's point of view.",The authoritative parenting style is most effective for children with a specific genetic predisposition for low anxiety.
NLI_169,contradiction,neutral,0.9994,0.0003,0.9994,0.0004,0.820737,medium,Chapter 9,9.4 Death and Dying,313,"The claim incorrectly states that depression is the final stage, whereas the text identifies acceptance as the fifth and final stage.","Elisabeth Kübler-Ross proposed a five-stage model of grief: denial, anger, bargaining, depression, and acceptance. In the denial stage, a person may believe the doctor made a mistake.","According to Kübler-Ross, the five-stage model of grief concludes with the depression stage, where the person finally accepts their fate."
NLI_170,entailment,entailment,0.9968,0.9968,0.003,0.0001,0.812816,easy,Chapter 9,9.3 Stages of Development,295,The claim directly contrasts fine and gross motor skills exactly as defined in the text.,"Motor skills refer to our ability to move our bodies and manipulate objects. Fine motor skills focus on the muscles in our fingers, toes, and eyes, and enable coordination of small actions. Gross motor skills focus on large muscle groups that control our arms and legs and involve larger movements.","Gross motor skills involve movements using large muscle groups, while fine motor skills coordinate smaller actions like moving fingers."
NLI_171,entailment,entailment,0.9606,0.9606,0.0393,0.0002,0.827874,easy,Chapter 10,10.1 Motivation,322,The claim is a direct and simple paraphrase of the textbook's definitions of intrinsic and extrinsic motivation.,"Intrinsic motivation arises from internal factors, behaviors are performed because they bring a sense of personal satisfaction. Extrinsic motivation arises from external factors, behaviors are performed in order to receive something from others.","Behaviors driven by personal satisfaction rely on intrinsic motivation, whereas those driven by external rewards rely on extrinsic motivation."
NLI_172,neutral,neutral,0.9998,0.0001,0.9998,0.0001,0.684355,medium,Chapter 10,10.1 Motivation,323,The evidence defines the overjustification effect but does not compare the impact of monetary rewards versus verbal praise.,"In the overjustification effect, intrinsic motivation is diminished when extrinsic motivation is given. This can lead to extinguishing the intrinsic motivation and creating a dependence on extrinsic rewards for continued performance.",The overjustification effect is more likely to occur when individuals receive monetary rewards rather than verbal praise.
NLI_173,contradiction,contradiction,0.9976,0.0,0.0024,0.9976,0.863237,hard,Chapter 10,10.1 Motivation,324,"The claim reverses the mechanism, suggesting needs push the body away from homeostasis, rather than directing behavior to return to homeostasis.","According to the drive theory of motivation, deviations from homeostasis create physiological needs. These needs result in psychological drive states that direct behavior to meet the need and, ultimately, bring the system back to homeostasis.",The drive theory of motivation states that physiological needs push the body further away from homeostasis to encourage evolutionary adaptation.
NLI_174,entailment,entailment,0.9968,0.9968,0.0031,0.0001,0.72067,medium,Chapter 10,10.1 Motivation,327,The claim faithfully reflects the structure of Maslow's pyramid (base vs highest level) described in the evidence.,Abraham Maslow proposed a hierarchy of needs that spans the spectrum of motives ranging from the biological to the individual to the social. At the base of the pyramid are physiological needs necessary for survival. The highest-level need is self-actualization.,"In Maslow's hierarchy, self-actualization represents the peak need, while basic survival requirements form the foundation."
NLI_175,neutral,neutral,0.9542,0.0001,0.9542,0.0457,0.637034,hard,Chapter 10,10.2 Hunger and Eating,331,"The text explains set-point theory resists change, but it does not address whether cardiovascular exercise can permanently alter it.","The set-point theory asserts that each individual has an ideal body weight, or set point, which is resistant to change. This set-point is genetically determined and efforts to move weight significantly from the set-point are resisted by compensatory changes in energy intake and/or expenditure.","According to set-point theory, regular cardiovascular exercise can permanently lower an individual's genetically determined ideal body weight."
NLI_176,contradiction,contradiction,0.9999,0.0,0.0001,0.9999,0.710458,easy,Chapter 10,10.4 Emotion,343,"The claim attributes a sequential process to Cannon-Bard, contradicting the text which states it occurs simultaneously.","The James-Lange theory of emotion asserts that emotions arise from physiological arousal. In contrast, the Cannon-Bard theory maintains that physiological arousal and emotional experience occur simultaneously, yet independently.","According to the Cannon-Bard theory, emotional experience happens sequentially only after physiological arousal."
NLI_177,entailment,entailment,0.9978,0.9978,0.002,0.0001,0.796724,hard,Chapter 10,10.4 Emotion,344,The claim synthesizes the elements of the Schachter-Singer theory by correctly identifying the dual necessity of physiology and cognition.,"The Schachter-Singer two-factor theory of emotion is another variation on theories of emotions that takes into account both physiological arousal and the emotional experience. According to this theory, emotions are composed of two factors: physiological and cognitive.",The two-factor theory posits that experiencing an emotion requires both a physiological component and a cognitive component.
NLI_178,neutral,neutral,0.9996,0.0,0.9996,0.0004,0.706162,medium,Chapter 10,10.4 Emotion,348,"The text notes that smiling influences happiness, but does not provide evidence about treating clinical depression with a 30-minute routine.","The facial feedback hypothesis asserts that facial expressions are capable of influencing our emotions, meaning that smiling can make you feel happier.",The facial feedback hypothesis has been used to successfully treat clinical depression by requiring patients to smile for 30 minutes daily.
NLI_179,contradiction,contradiction,1.0,0.0,0.0,1.0,0.762393,medium,Chapter 10,10.4 Emotion,347,"The claim asserts the amygdala is unrelated to fear/anxiety, explicitly contradicting the text.","The amygdala is composed of various subnuclei, including the basolateral complex and the central nucleus. The amygdala plays a role in processing emotional information and sending that information on to cortical structures. It is primarily associated with fear and anxiety.",The amygdala is a cortical structure entirely unrelated to the processing of fear or anxiety.
NLI_180,neutral,neutral,0.9926,0.0,0.9926,0.0074,0.514716,hard,Chapter 10,10.4 Emotion,348,"The text defines cultural display rules generally, but does not state the specific rule regarding men crying in Western societies.",A cultural display rule is one of a collection of culturally specific standards that govern the types and frequencies of displays of emotions that are acceptable.,Cultural display rules strictly prohibit men from crying in public in Western societies.
NLI_181,entailment,entailment,0.9983,0.9983,0.0016,0.0001,0.830705,easy,Chapter 11,11.2 Freud and the Psychodynamic Perspective,363,The claim directly maps the three systems to their respective functions as stated in the evidence.,"Freud proposed three interacting systems within our minds: the id, ego, and superego. The id contains our most primitive drives or urges, while the superego acts as our conscience. The ego is the rational part of our personality.","In Freud's model, the ego serves as the rational component of personality, while the id harbors primitive urges and the superego functions as a conscience."
NLI_182,neutral,neutral,0.9997,0.0001,0.9997,0.0002,0.491741,medium,Chapter 11,11.2 Freud and the Psychodynamic Perspective,364,The evidence introduces defense mechanisms but does not specify which one is used most frequently by adults.,"When the ego cannot mediate the conflict between the id and the superego, it experiences anxiety. Freud believed the ego uses unconscious protective behaviors known as defense mechanisms to reduce this anxiety.",Repression is the most frequently used defense mechanism by adults attempting to reduce anxiety.
NLI_183,contradiction,contradiction,0.9989,0.0005,0.0005,0.9989,0.804101,hard,Chapter 11,11.4 Learning Approaches,375,The claim assigns the definition of internal locus of control to external locus of control.,Julian Rotter proposed the concept of locus of control. People with an internal locus of control believe that most of their outcomes are the direct result of their efforts. People with an external locus of control believe outcomes are outside of their control.,Individuals with an external locus of control believe that their personal efforts directly determine the outcomes in their lives.
NLI_184,entailment,entailment,0.9943,0.9943,0.0055,0.0001,0.848225,medium,Chapter 11,11.4 Learning Approaches,374,The claim elegantly rephrases the interaction of the three factors in reciprocal determinism.,"Albert Bandura proposed the concept of reciprocal determinism, in which cognitive processes, behavior, and context all interact, each factor influencing and being influenced by the others simultaneously.","Reciprocal determinism implies a mutual interaction where behavior, cognitive processes, and environmental context constantly influence one another."
NLI_185,neutral,neutral,0.9997,0.0002,0.9997,0.0001,0.656596,medium,Chapter 11,11.4 Learning Approaches,374,The text defines self-efficacy but makes no comparative claims about professional versus amateur athletes.,"Self-efficacy is our level of confidence in our own abilities, developed through our social experiences. Self-efficacy affects how we approach challenges and reach goals.",Professional athletes typically display a much higher level of self-efficacy compared to amateur athletes.
NLI_186,contradiction,contradiction,0.9869,0.012,0.0012,0.9869,0.778923,easy,Chapter 11,11.7 Trait Theorists,381,The claim incorrectly applies the traits of neuroticism to openness.,"The Five Factor model includes dimensions of conscientiousness, agreeableness, neuroticism, openness, and extraversion. People who score high on neuroticism tend to experience emotional instability and negative emotions. People who score high on openness are curious and have a wide range of interests.","According to the Five Factor model, individuals scoring high on openness typically exhibit emotional instability and frequent negative emotions."
NLI_187,entailment,entailment,0.9974,0.9974,0.0026,0.0,0.762824,hard,Chapter 11,11.5 Humanistic Approaches,377,"The claim reconstructs the evidence accurately, maintaining the causal relationship between similarity, congruence, and self-worth.",Carl Rogers believed that people experience congruence when their thoughts about their real self and ideal self are very similar. High congruence leads to a greater sense of self-worth.,"A strong similarity between one's ideal self and real self results in a state of congruence, which enhances self-worth."
NLI_188,neutral,neutral,0.9985,0.0,0.9985,0.0015,0.504533,hard,Chapter 11,11.9 Personality Assessment,386,"While the MMPI is widely used and provides a profile, the text does not state it is legally required by law enforcement.",The Minnesota Multiphasic Personality Inventory (MMPI) is one of the most widely used personality inventories. It consists of a series of true/false questions that are designed to provide a clinical profile of an individual.,The MMPI is specifically required by law enforcement agencies when screening potential police officers.
NLI_189,contradiction,contradiction,1.0,0.0,0.0,1.0,0.721315,medium,Chapter 11,11.9 Personality Assessment,388,"The claim explicitly contradicts the text by asserting projective tests use clear multiple-choice questions to assess conscious behavior, rather than ambiguous cards for unconscious processes.","Projective testing relies on one of the defense mechanisms proposed by Freud—projection—as a way to assess unconscious processes. During this type of testing, a series of ambiguous cards is shown to the person being tested.","Projective tests use unambiguous, clear questions with multiple-choice answers to evaluate conscious behavior."
NLI_190,entailment,entailment,0.997,0.997,0.0029,0.0,0.763057,hard,Chapter 11,11.6 Biological Approaches,378,The claim generalizes the specific findings of the twin study to accurately state that genetics (heritability) influence personality traits.,"The Minnesota Study of Twins Reared Apart found that identical twins, whether raised together or apart, have very similar personalities. These findings suggest the heritability of some personality traits.",Research involving twins indicates that genetics play a role in determining certain personality traits.
NLI_191,entailment,entailment,0.9958,0.9958,0.0041,0.0001,0.858132,easy,Chapter 12,12.1 What Is Social Psychology?,401,The claim directly paraphrases the definition of the fundamental attribution error.,The fundamental attribution error is the tendency to overemphasize internal factors as attributions for behavior and underestimate the power of the situation.,"When people overemphasize personal traits and ignore situational factors to explain someone's behavior, they commit the fundamental attribution error."
NLI_192,neutral,neutral,0.9998,0.0001,0.9998,0.0001,0.590068,medium,Chapter 12,12.1 What Is Social Psychology?,403,The evidence defines the bias but makes no comparison across different age groups.,The actor-observer bias is the phenomenon of attributing other people's behavior to internal factors while attributing our own behavior to situational forces.,Older adults are significantly more likely to display the actor-observer bias than teenagers.
NLI_193,contradiction,contradiction,0.9966,0.0027,0.0007,0.9966,0.777709,hard,Chapter 12,12.1 What Is Social Psychology?,404,"The claim reverses the attribution targets, incorrectly assigning external attributions to success and internal to failure.",The self-serving bias is the tendency of an individual to take credit by making dispositional or internal attributions for positive outcomes but situational or external attributions for negative outcomes.,The self-serving bias leads individuals to blame external factors for their successes and internal traits for their failures.
NLI_194,entailment,entailment,0.9967,0.9967,0.0033,0.0001,0.789147,medium,Chapter 12,12.3 Attitudes and Persuasion,409,The claim effectively summarizes Festinger's theory on how people reduce cognitive dissonance.,"Cognitive dissonance is psychological discomfort arising from holding two or more inconsistent attitudes, behaviors, or cognitions. Festinger suggested that people are motivated to decrease this discomfort by changing their behavior or cognitions.",People attempt to resolve the discomfort of cognitive dissonance by altering their actions or beliefs.
NLI_195,neutral,neutral,0.9998,0.0001,0.9998,0.0001,0.617415,hard,Chapter 12,"12.4 Conformity, Compliance, and Obedience",415,"The text describes the methodology and general finding of the Asch study, but omits any gender breakdown.","In Solomon Asch's conformity study, participants were shown a series of line segments and asked to identify which line from the first group closely resembled the fourth line in length. He found that participants would conform to the incorrect group majority.",Asch's conformity study found that female participants conformed to the incorrect group majority at twice the rate of male participants.
NLI_196,contradiction,contradiction,1.0,0.0,0.0,1.0,0.719388,easy,Chapter 12,"12.4 Conformity, Compliance, and Obedience",417,"The claim asserts participants universally refused, which directly contradicts the finding that nearly two-thirds delivered the shocks.",Stanley Milgram conducted a famous obedience study where participants were instructed to deliver electric shocks to a learner. Milgram found that nearly two-thirds of the participants were willing to deliver what they believed to be lethal shocks because an authority figure instructed them to do so.,Milgram's obedience study revealed that participants universally refused to administer electric shocks when instructed by an authority figure.
NLI_197,entailment,entailment,0.9962,0.9962,0.0037,0.0001,0.852436,hard,Chapter 12,"12.4 Conformity, Compliance, and Obedience",420,The claim accurately captures the opposing dynamics of social loafing and social facilitation as described.,"Social loafing involves a reduction in individual output on tasks where contributions are pooled. In contrast, social facilitation occurs when an individual performs better when an audience is watching than when the individual performs the behavior alone.","While social facilitation enhances individual performance in the presence of an audience, social loafing decreases individual effort when working in a group."
NLI_198,neutral,neutral,0.9998,0.0001,0.9998,0.0001,0.595831,medium,Chapter 12,12.7 Prosocial Behavior,432,The text defines the bystander effect and diffusion of responsibility without comparing urban and rural environments.,The bystander effect is a phenomenon in which a witness or bystander does not volunteer to help a victim or person in distress. Diffusion of responsibility is the tendency for no one in a group to help because the responsibility to help is spread throughout the group.,The bystander effect is significantly more pronounced in densely populated urban environments than in rural towns.
NLI_199,contradiction,contradiction,0.998,0.0013,0.0007,0.998,0.863207,medium,Chapter 12,12.5 Prejudice and Discrimination,423,"The claim reverses the definitions, applying feelings to discrimination and actions to prejudice.",Prejudice is a negative attitude and feeling toward an individual based solely on one's membership in a particular social group. Discrimination is negative action toward an individual as a result of one's membership in a particular group.,"Discrimination refers merely to negative feelings, whereas prejudice refers to taking negative actions against someone."
NLI_200,neutral,neutral,0.9917,0.0001,0.9917,0.0082,0.681716,hard,Chapter 12,12.7 Prosocial Behavior,433,The text describes altruism generally but does not mention evolutionary adaptations or kin selection.,"Altruism is people's desire to help others even if the costs outweigh the benefits of helping. In fact, people acting in altruistic ways may disregard the personal costs associated with helping.",Altruism is an evolutionary adaptation that primarily ensures the survival of close genetic relatives.
NLI_201,entailment,entailment,0.9975,0.9975,0.0024,0.0001,0.840437,easy,Chapter 13,13.1 What Is Industrial and Organizational Psychology?,446,The claim correctly distinguishes between the two subfields using the definitions provided.,Industrial psychology is concerned with describing job requirements and assessing individuals for their ability to meet those requirements. Organizational psychology is a discipline interested in how the relationships among employees affect those employees and the performance of a business.,"Organizational psychology examines how employee relationships impact business performance, while industrial psychology focuses on job requirements and assessment."
NLI_202,neutral,neutral,0.9998,0.0,0.9998,0.0002,0.652458,medium,Chapter 13,13.1 What Is Industrial and Organizational Psychology?,448,The evidence defines the effect but does not give a timeline for how long the effect lasts.,"The Hawthorne effect describes the increase in performance of individuals who are noticed, watched, and paid attention to by researchers or supervisors.",The Hawthorne effect generally fades away after researchers have been watching employees for more than two weeks.
NLI_203,contradiction,contradiction,0.9983,0.0002,0.0015,0.9983,0.716812,hard,Chapter 13,13.3 Organizational Psychology: The Social Dimension of Work,468,The claim assigns the assumptions of Theory X to Theory Y.,"In Theory X, managers assume that most people dislike work and are not innately self-directed. In Theory Y, managers assume that most people seek inner satisfaction and fulfillment from their work.",Theory Y management assumes that employees inherently dislike their tasks and require constant supervision to be productive.
NLI_204,entailment,entailment,0.7691,0.7691,0.2309,0.0,0.764058,medium,Chapter 13,13.3 Organizational Psychology: The Social Dimension of Work,469,The claim accurately contrasts the traits of transformational and transactional leadership styles.,"Transactional leadership focuses on supervision and organizational goals, which are achieved through a system of rewards and punishments. Transformational leadership possesses four attributes: they are charismatic, inspirational, intellectually stimulating, and considerate.","Transformational leaders inspire and intellectually stimulate their employees, unlike transactional leaders who rely on rewards and punishments."
NLI_205,neutral,neutral,0.9996,0.0,0.9996,0.0003,0.439891,hard,Chapter 13,13.3 Organizational Psychology: The Social Dimension of Work,465,The text lists factors impacting job satisfaction but does not mention salary thresholds.,"Job satisfaction describes the degree to which individuals enjoy their job. It is impacted by the work itself, our personality, and the culture we come from and live in.","Job satisfaction increases significantly only when an employee earns a salary above $75,000 per year."
NLI_206,contradiction,contradiction,0.9999,0.0,0.0001,0.9999,0.789643,medium,Chapter 13,13.2 Industrial Psychology: Selecting and Evaluating Employees,458,"The claim conflates the halo effect with the removal of formal processes, which contradicts the text stating appraisals often have a formal process.","Performance appraisals are typically documented several times a year, often with a formal process. One bias in performance appraisal is the halo effect, where a supervisor's overall impression of an employee impacts their ratings on specific performance dimensions.",The halo effect guarantees that a supervisor will document a performance appraisal without any formal process.
NLI_207,entailment,entailment,0.9978,0.9978,0.0022,0.0001,0.720883,hard,Chapter 13,13.4 Human Factors Psychology and Workplace Design,475,The claim synthesizes the alternative name for human factors psychology with its core goals.,"Human factors psychology (or ergonomics) is the study of how workers interact with the tools of work and how to design those tools to optimize workers' productivity, safety, and health.","Ergonomics involves designing workplace tools to improve employee health, safety, and overall productivity."
NLI_208,neutral,neutral,0.9998,0.0001,0.9998,0.0001,0.711867,medium,Chapter 13,13.2 Industrial Psychology: Selecting and Evaluating Employees,458,The text explains the 360-degree appraisal structure but makes no claims about its impact on promotion speed.,"In a 360-degree performance appraisal, the employee's appraisal derives from a combination of ratings by supervisors, peers, employees supervised by the employee, and from the employee herself.",Employees who receive favorable 360-degree performance appraisals are promoted twice as fast as those evaluated solely by a supervisor.
NLI_209,entailment,neutral,0.9859,0.0053,0.9859,0.0088,0.64598,medium,Chapter 13,13.2 Industrial Psychology: Selecting and Evaluating Employees,462,The claim logically interprets the concept of a BFOQ as an exception to standard legal restrictions.,"A bona fide occupational qualification (BFOQ) is a requirement of certain occupations for which denying an individual employment would otherwise violate the law. For example, religion is a BFOQ for hiring a priest.",A bona fide occupational qualification allows employers to bypass legal hiring restrictions if a specific trait is absolutely necessary for the job.
NLI_210,contradiction,contradiction,0.994,0.0,0.006,0.994,0.89057,hard,Chapter 13,13.3 Organizational Psychology: The Social Dimension of Work,467,"The claim reverses the dynamic, suggesting family demands block employment, rather than work demands interfering with family life.",Work-family conflict occurs when the demands of work interfere with the demands of family life. Sources of work-family conflict include time devoted to work making it difficult to fulfill requirements of family.,Work-family conflict is defined as a scenario where family demands make it impossible for a person to obtain employment.
NLI_211,entailment,entailment,0.9975,0.9975,0.0023,0.0001,0.857153,easy,Chapter 14,14.1 What Is Stress?,485,The claim directly contrasts eustress and distress using the definitions in the text.,"Selye coined the term eustress as a good kind of stress associated with positive feelings, optimal health, and performance. Distress is when stress exceeds this optimal level and becomes excessive and debilitating.","Eustress relates to positive feelings and optimal performance, whereas distress is debilitating and excessive."
NLI_212,neutral,neutral,0.9921,0.0,0.9921,0.0079,0.576596,medium,Chapter 14,14.1 What Is Stress?,487,The text lists the three stages but does not provide specific physiological metrics like cortisol dropping to zero.,"The general adaptation syndrome, proposed by Hans Selye, consists of three stages: alarm reaction, stage of resistance, and stage of exhaustion. It represents the body's nonspecific physiological response to stress.","During the stage of exhaustion in the general adaptation syndrome, blood cortisol levels permanently drop to zero."
NLI_213,contradiction,contradiction,0.9992,0.0005,0.0003,0.9992,0.908462,hard,Chapter 14,14.1 What Is Stress?,484,The claim swaps the definitions of primary and secondary appraisal.,Primary appraisal involves judgment about the degree of potential harm or threat to well-being that a stressor might entail. Secondary appraisal is the judgment of the options available to cope with a stressor.,"Secondary appraisal involves judging the potential harm of a stressor, while primary appraisal evaluates coping options."
NLI_214,entailment,entailment,0.9979,0.9979,0.002,0.0001,0.838968,medium,Chapter 14,14.1 What Is Stress?,488,The claim correctly tracks the sequential hormonal trigger from the hypothalamus to the pituitary gland.,"The hypothalamic-pituitary-adrenal (HPA) axis is primarily endocrine in nature. In response to stress, the hypothalamus releases corticotrophin-releasing factor, which causes the pituitary gland to release ACTH.","During a stress response, the HPA axis is activated when the hypothalamus triggers the pituitary gland via corticotrophin-releasing factor."
NLI_215,neutral,neutral,0.9977,0.0,0.9977,0.0023,0.565122,hard,Chapter 14,14.2 Stressors,494,The text classifies the stressor as chronic but does not establish a causal link to rheumatoid arthritis.,"Chronic stressors include events that persist over an extended period of time, such as caring for a parent with dementia. Acute stressors involve brief focal events that sometimes continue to be experienced as overwhelming.",Caring for a parent with dementia is a chronic stressor that leads directly to rheumatoid arthritis.
NLI_216,contradiction,contradiction,0.9994,0.0002,0.0004,0.9994,0.794015,easy,Chapter 14,14.3 Stress and Illness,506,"The claim attributes Type A characteristics to Type B, and vice versa.","Individuals with a Type A behavior pattern are characterized as intensely driven, impatient, and hostile. Those with a Type B behavior pattern are characterized as relaxed and laid-back.","Type B individuals are known for their hostility and intense impatience, unlike the laid-back Type A individuals."
NLI_217,entailment,entailment,0.9961,0.9961,0.0038,0.0001,0.876503,hard,Chapter 14,14.4 Regulation of Stress,512,The claim effectively parses and translates the two coping mechanisms without using the exact textbook vocabulary.,Problem-focused coping involves managing or altering the problem that is causing one to experience stress. Emotion-focused coping consists of efforts to change or reduce the negative emotions associated with stress.,"Efforts to directly modify a stressful situation constitute problem-focused coping, while trying to alleviate the resulting negative feelings is emotion-focused coping."
NLI_218,neutral,neutral,0.9998,0.0001,0.9998,0.0002,0.635354,medium,Chapter 14,14.4 Regulation of Stress,515,The text links social support to survival but does not quantify the increase as exactly five years.,"Social support can take many forms, including advice, guidance, encouragement, acceptance, emotional comfort, and tangible assistance. Research has shown that individuals with stronger social relationships have a greater likelihood of survival compared to those with weak relationships.",Strong social support extends an individual's lifespan by exactly five years on average.
NLI_219,contradiction,contradiction,1.0,0.0,0.0,1.0,0.625173,medium,Chapter 14,14.4 Regulation of Stress,518,"The claim states biofeedback operates without electronic tools, explicitly contradicting the text.",Biofeedback is a technique that uses electronic equipment to accurately measure a person's neuromuscular and autonomic activity—feedback is provided in the form of visual or auditory signals.,Biofeedback relies exclusively on subjective self-reporting without the use of any electronic measurement tools.
NLI_220,entailment,entailment,0.9941,0.9941,0.0058,0.0001,0.651053,medium,Chapter 14,14.5 The Pursuit of Happiness,521,The claim simplifies the definition of positive psychology while retaining its core meaning.,Positive psychology can be thought of as the science of happiness; it is an area of study that seeks to identify and promote those qualities that lead to greater fulfillment in our lives.,Identifying traits that foster life fulfillment is a primary goal of positive psychology.
NLI_221,entailment,entailment,0.9985,0.9985,0.0015,0.0001,0.872893,easy,Chapter 15,15.2 Diagnosing and Classifying Psychological Disorders,540,The claim directly restates the primary function of the DSM-5.,The Diagnostic and Statistical Manual of Mental Disorders (DSM-5) is published by the American Psychiatric Association and is used by clinicians to diagnose individuals suffering from various psychological disorders.,Clinicians utilize the DSM-5 to diagnose patients with psychological disorders.
NLI_222,neutral,neutral,0.9993,0.0,0.9993,0.0007,0.811255,medium,Chapter 15,15.2 Diagnosing and Classifying Psychological Disorders,541,The text explains comorbidity but does not provide the 75% statistic for generalized anxiety disorder.,Comorbidity refers to the co-occurrence of two disorders. The DSM-5 mentions that many people with obsessive-compulsive disorder also meet the diagnostic criteria for major depressive disorder.,"Comorbidity refers to the co-occurrence of two disorders, and it is observed in exactly 75% of patients with generalized anxiety disorder."
NLI_223,contradiction,contradiction,0.9998,0.0,0.0002,0.9998,0.756477,hard,Chapter 15,15.4 Anxiety Disorders,548,The claim replaces 'avoidance' with 'desire to seek out' and creates a false therapeutic narrative.,"Agoraphobia, which literally means 'fear of the marketplace,' is characterized by intense fear, anxiety, and avoidance of situations in which it might be difficult to escape or receive help if one experiences symptoms of a panic attack.",Agoraphobia is characterized by a strong desire to seek out crowded places in order to trigger therapeutic panic attacks.
NLI_224,entailment,entailment,0.9974,0.9974,0.0024,0.0002,0.86962,medium,Chapter 15,15.5 Obsessive-Compulsive and Related Disorders,552,The claim neatly separates and defines obsessions and compulsions exactly as described.,People with obsessive-compulsive disorder (OCD) experience thoughts and urges that are intrusive and unwanted (obsessions) and/or the need to engage in repetitive behaviors or mental acts (compulsions).,"In OCD, obsessions involve unwanted intrusive thoughts, whereas compulsions involve repetitive behaviors or mental acts."
NLI_225,neutral,neutral,0.9998,0.0001,0.9998,0.0001,0.514219,hard,Chapter 15,15.6 Posttraumatic Stress Disorder,556,The text lists symptoms and historical names for PTSD but does not mention serotonin transporter gene mutations.,"Posttraumatic stress disorder (PTSD) was previously called shell shock or combat neurosis. Symptoms include intrusive and distressing memories of the event, flashbacks, and avoidance of stimuli connected to the event.",Individuals with a specific mutation on the serotonin transporter gene are twice as likely to develop PTSD after combat exposure.
NLI_226,contradiction,contradiction,0.9906,0.002,0.0073,0.9906,0.694406,hard,Chapter 15,15.7 Mood and Related Disorders,558,"The claim assigns mania to major depressive disorder, but the text associates mania with bipolar disorder.",Major depressive disorder is characterized by a severely depressed mood lasting longer than two weeks. Bipolar disorder involves mood states that vacillate between depression and mania.,A diagnosis of major depressive disorder requires the patient to exhibit severe episodes of mania alongside a depressed mood.
NLI_227,entailment,entailment,0.9983,0.9983,0.0016,0.0001,0.86372,hard,Chapter 15,15.8 Schizophrenia,568,"The claim aggregates the listed symptoms into a single, factually supported statement.","Schizophrenia is characterized by major disturbances in thought, perception, emotion, and behavior. Symptoms include hallucinations, delusions, disorganized thinking, and negative symptoms such as anhedonia.","Hallucinations, delusions, and anhedonia are all potential symptoms experienced by individuals with schizophrenia."
NLI_228,neutral,neutral,0.9851,0.0,0.9851,0.0149,0.706682,medium,Chapter 15,15.8 Schizophrenia,570,The evidence outlines the hypothesis but does not state whether it was abandoned or proven wrong by serotonin.,The dopamine hypothesis of schizophrenia proposed that an overabundance of dopamine or too many dopamine receptors are responsible for the onset and maintenance of schizophrenia.,The dopamine hypothesis was abandoned in 2015 when researchers proved that serotonin was the sole cause of schizophrenia.
NLI_229,contradiction,contradiction,1.0,0.0,0.0,1.0,0.838976,medium,Chapter 15,15.9 Dissociative Disorders,573,"The claim limits the disorder to a single personality, contradicting the requirement of two or more separate identities.",Dissociative identity disorder (formerly multiple personality disorder) is a condition where a person exhibits two or more separate personalities or identities.,"Dissociative identity disorder requires the presence of only one continuous, integrated personality throughout a person's life."
NLI_230,neutral,neutral,0.9996,0.0,0.9996,0.0004,0.641762,hard,Chapter 15,15.11 Personality Disorders,583,The text provides traits of BPD but gives no epidemiological data regarding age or strokes.,"Borderline personality disorder is characterized by instability in interpersonal relationships, self-image, and mood, as well as marked impulsivity.",Borderline personality disorder is almost exclusively diagnosed in people over the age of 50 who have suffered strokes.
NLI_231,entailment,entailment,0.9983,0.9983,0.0017,0.0,0.6923,easy,Chapter 16,16.2 Types of Treatment,603,The claim restates the definition and purpose of free association accurately.,"In psychoanalysis, Freud used free association, a technique where the patient relaxes and then says whatever comes to mind at the moment. He believed this would reveal the patient's unconscious thoughts.",Freud believed that having a relaxed patient say whatever comes to mind could expose their unconscious thoughts.
NLI_232,neutral,neutral,0.9993,0.0,0.9993,0.0007,0.544446,medium,Chapter 16,16.2 Types of Treatment,604,The text describes the mechanics of the therapy but does not discuss health insurance policies or session counts.,"In client-centered therapy, developed by Carl Rogers, the therapist uses active listening. The therapist acknowledges, restates, and clarifies what the client expresses, demonstrating unconditional positive regard.",Health insurance companies typically refuse to cover client-centered therapy because active listening takes too many sessions to be effective.
NLI_233,contradiction,contradiction,0.9988,0.0002,0.001,0.9988,0.890557,hard,Chapter 16,16.2 Types of Treatment,607,The claim reverses the definitions of systematic desensitization (gradual) and flooding (immediate).,"Systematic desensitization involves creating a hierarchy of anxiety-inducing stimuli, then teaching the client to associate a relaxed state with those stimuli. Flooding exposes the client to the anxiety-inducing stimulus all at once rather than gradually.","Systematic desensitization forces the client to confront their greatest fear immediately, while flooding introduces anxiety-inducing stimuli gradually."
NLI_234,entailment,entailment,0.9963,0.9963,0.0037,0.0,0.689357,medium,Chapter 16,16.2 Types of Treatment,605,"The claim identifies the main objectives of CBT identically to the text, just structured differently.",Cognitive-behavioral therapy (CBT) helps clients examine how their thoughts affect their behavior. It aims to change cognitive distortions and self-defeating behaviors.,Modifying self-defeating actions and addressing cognitive distortions are the primary goals of cognitive-behavioral therapy.
NLI_235,neutral,neutral,0.9997,0.0001,0.9997,0.0002,0.496543,hard,Chapter 16,16.2 Types of Treatment,605,The text defines CBT but does not provide comparative statistical efficacy against medication.,Cognitive-behavioral therapy (CBT) helps clients examine how their thoughts affect their behavior. It aims to change cognitive distortions and self-defeating behaviors.,Studies demonstrate that cognitive-behavioral therapy is exactly 30% more effective than antidepressant medication for long-term recovery.
NLI_236,contradiction,contradiction,0.9999,0.0,0.0001,0.9999,0.771637,hard,Chapter 16,16.2 Types of Treatment,612,"The claim asserts the medications increase dopamine, which contradicts the text stating they block it.","Antipsychotic medications, used to treat schizophrenia, treat positive psychotic symptoms such as auditory and visual hallucinations and delusions by blocking the neurotransmitter dopamine.",Antipsychotic medications alleviate visual hallucinations by drastically increasing the brain's supply of dopamine.
NLI_237,entailment,entailment,0.9978,0.9978,0.0021,0.0,0.749186,hard,Chapter 16,16.2 Types of Treatment,613,The claim captures the conditional modern use of ECT described in the evidence without using identical phrasing.,"Electroconvulsive therapy (ECT) involves using an electrical current to induce seizures to help alleviate the effects of severe depression. Today, it is usually implemented only for people with severe depression who have not responded to traditional drug therapy.",ECT is typically reserved for patients with severe depression who have failed to improve after trying traditional medications.
NLI_238,neutral,neutral,0.9998,0.0001,0.9998,0.0002,0.511448,medium,Chapter 16,16.3 Treatment Modalities,616,The text explains the benefits of group therapy but does not provide dropout statistics.,"In group therapy, a clinician meets together with several clients with similar problems. One benefit is that it can help decrease a client's shame and isolation about a problem while offering needed support.",Over 40% of patients who begin group therapy drop out within the first three weeks due to social anxiety.
NLI_239,contradiction,contradiction,0.9978,0.0,0.0021,0.9978,0.725007,medium,Chapter 16,16.1 Mental Health Treatment: Past and Present,602,"The claim ignores the mandated exception for imminent threats, contradicting the evidence.","Confidentiality means the therapist cannot disclose confidential communications to any third party unless mandated or permitted by law. For example, therapists are required to break confidentiality if the client presents an imminent threat to themselves or others.",A therapist must maintain absolute confidentiality even if a client clearly states they are going to murder someone.
NLI_240,contradiction,contradiction,0.9999,0.0,0.0001,0.9999,0.62418,hard,Chapter 16,16.5 The Sociocultural Model and Therapy Utilization,622,"The claim argues for ignoring race and ethnicity, which opposes the text's instruction to understand and address them.","Cultural competence requires mental health professionals to understand and address issues of race, culture, and ethnicity. They must develop strategies to effectively address the needs of various populations.",Therapists aiming to be culturally competent should actively ignore a patient's race and ethnicity to treat everyone exactly the same.
NLI_241,entailment,entailment,0.9982,0.9982,0.0016,0.0001,0.926685,easy,Chapter 4,4.1 What Is Consciousness?,,The claim is a direct restatement of the textbook's definition of consciousness.,Consciousness describes our awareness of internal and external stimuli.,Awareness of both external and internal stimuli is defined as consciousness.
NLI_242,contradiction,contradiction,0.9994,0.0,0.0005,0.9994,0.882258,easy,Chapter 4,4.1 What Is Consciousness?,,"The claim changes the duration from 24 hours to 48 hours, directly conflicting with the evidence.",A circadian rhythm is a biological rhythm that takes place over a period of about 24 hours.,A circadian rhythm operates on a biological cycle that spans exactly 48 hours.
NLI_243,neutral,neutral,0.9998,0.0001,0.9998,0.0001,0.810996,easy,Chapter 4,4.1 What Is Consciousness?,,"The evidence explains how melatonin is stimulated and inhibited, but says nothing about it being a frequently prescribed supplement.",Melatonin release is stimulated by darkness and inhibited by light.,"Melatonin release is stimulated by darkness, making it the most frequently prescribed sleep supplement in the United States."
NLI_244,entailment,entailment,0.9986,0.9986,0.0012,0.0001,0.88278,easy,Chapter 4,4.3 Stages of Sleep,,The claim directly paraphrases the textbook's description of stage 1 sleep.,"Stage 1 sleep is a transitional phase that occurs between wakefulness and sleep, the period during which we drift off to sleep.",The transition period when we drift from being awake to falling asleep is known as stage 1 sleep.
NLI_245,contradiction,contradiction,0.9996,0.0001,0.0002,0.9996,0.866172,easy,Chapter 4,4.4 Sleep Problems and Disorders,,"The claim contradicts the evidence by describing insomnia as one of the least common disorders and as an inability to wake up, whereas the evidence states that insomnia is the most common sleep disorder and involves difficulty falling or staying asleep.","Insomnia, a consistent difficulty in falling or staying asleep, is the most common of the sleep disorders.",Insomnia is one of the least common sleep disorders and is characterized by an inability to wake up after falling asleep.
NLI_246,neutral,neutral,0.9997,0.0,0.9997,0.0002,0.740417,easy,Chapter 4,4.4 Sleep Problems and Disorders,,The evidence defines sleepwalking and its behaviors but does not provide demographic information about the ages it affects.,"Sleepwalking, or somnambulism, is a parasomnia in which the sleeper engages in relatively complex behaviors ranging from wandering about to driving an automobile.",Sleepwalking is a parasomnia that predominantly affects young children between the ages of 5 and 10.
NLI_247,entailment,entailment,0.9986,0.9986,0.0013,0.0001,0.844541,easy,Chapter 4,4.5 Substance Use and Abuse,,The claim simply reverses the sentence structure while preserving the exact meaning of the evidence.,A hallucinogen is one of a class of drugs that results in profound alterations in sensory and perceptual experiences.,Profound changes in perception and sensory experiences are caused by a class of drugs called hallucinogens.
NLI_248,neutral,neutral,0.9805,0.0,0.9805,0.0195,0.86427,easy,Chapter 4,4.6 Other States of Consciousness,,"The evidence defines hypnosis, but it does not state that a swinging pendulum is required to achieve it.",Hypnosis is a state of extreme self-focus and attention in which minimal attention is given to external stimuli.,Hypnosis is a state of extreme self-focus that can be achieved only by listening to a swinging pendulum.
NLI_249,entailment,entailment,0.9985,0.9985,0.0014,0.0001,0.823243,medium,Chapter 4,4.1 What Is Consciousness?,,The claim accurately captures the distinction between sleep and wakeful rest using synonymous phrasing.,Sleep is a state marked by relatively low levels of physical activity and reduced sensory awareness that is distinct from periods of rest that occur during wakefulness.,"Unlike periods of resting while awake, sleep involves decreased physical activity and lower sensory awareness."
NLI_250,contradiction,contradiction,1.0,0.0,0.0,1.0,0.808914,medium,Chapter 4,4.1 What Is Consciousness?,,"The claim replaces 'high levels' with 'extremely low levels', directly contradicting the characteristics of wakefulness.","Wakefulness is characterized by high levels of sensory awareness, thought, and behavior.",Wakefulness is a state characterized by extremely low levels of sensory awareness and almost no thought.
NLI_251,neutral,neutral,0.9998,0.0001,0.9998,0.0001,0.654072,medium,Chapter 4,4.1 What Is Consciousness?,,"While the evidence identifies the location and function of the SCN, it lacks any information about how long it takes to adjust to a new time zone.",The brain's clock mechanism is located in an area of the hypothalamus known as the suprachiasmatic nucleus (SCN).,"The suprachiasmatic nucleus (SCN), located in the hypothalamus, typically takes 10 to 14 days to adjust to a new time zone."
NLI_252,entailment,entailment,0.9985,0.9985,0.0015,0.0001,0.85165,medium,Chapter 4,4.2 Sleep and Why We Sleep,,The claim logically reorders the definition of sleep rebound without altering its factual meaning.,Sleep rebound refers to the fact that a sleep-deprived individual will tend to take a shorter time to fall asleep during subsequent opportunities for sleep.,"A person who is deprived of sleep will generally fall asleep more quickly when given the chance, a phenomenon known as sleep rebound."
NLI_253,neutral,neutral,0.9997,0.0001,0.9997,0.0002,0.752181,medium,Chapter 4,4.2 Sleep and Why We Sleep,,The text explains the basis of evolutionary psychology but does not identify protecting offspring from predators as the primary driver.,Evolutionary psychology is a discipline that studies how universal patterns of behavior and cognitive processes have evolved over time as a result of natural selection.,Evolutionary psychology asserts that universal patterns of behavior evolved through natural selection primarily to protect human offspring from predators.
NLI_254,contradiction,contradiction,1.0,0.0,0.0,1.0,0.84148,medium,Chapter 4,4.3 Stages of Sleep,,"The claim explicitly states sleep is a uniform state with identical brain waves, contradicting the evidence that it is not uniform and has different stages.","Sleep is not a uniform state of being. Instead, sleep is composed of several different stages that can be differentiated from one another by the patterns of brain wave activity that occur during each stage.",Sleep is a completely uniform state of being where brain wave activity remains identical throughout the night.
NLI_255,entailment,entailment,0.9975,0.9975,0.0025,0.0,0.884823,medium,Chapter 4,4.3 Stages of Sleep,,"The claim accurately translates 'darting movements of the eyes' into 'move rapidly', faithfully preserving the original meaning.",Rapid eye movement (REM) sleep is characterized by darting movements of the eyes under closed eyelids.,"During REM sleep, a person's eyes move rapidly underneath their closed eyelids."
NLI_256,neutral,neutral,0.9978,0.0002,0.9978,0.002,0.879504,medium,Chapter 4,4.3 Stages of Sleep,,"The evidence notes that NREM sleep has four stages distinguished by brain waves, but it does not specify the use of functional MRI scans to identify them.",Non-REM (NREM) sleep is subdivided into four stages distinguished from each other and from wakefulness by characteristic patterns of brain waves.,Non-REM (NREM) sleep consists of four stages that are clinically identified using functional MRI scans.
NLI_257,contradiction,contradiction,1.0,0.0,0.0,1.0,0.887485,medium,Chapter 4,4.3 Stages of Sleep,,"The claim states that respiration and heartbeat speed up, which directly reverses the 'slowdown' mentioned in the text.","During stage 1 sleep, there is a slowdown in both the rates of respiration and heartbeat.",Both heart rate and respiration speed up significantly when an individual enters stage 1 sleep.
NLI_258,entailment,entailment,0.9985,0.9985,0.0014,0.0001,0.876469,medium,Chapter 4,4.3 Stages of Sleep,,The claim perfectly aligns with the evidence by listing the specific stages and the corresponding delta wave characteristics.,"Stage 3 and stage 4 of sleep are often referred to as deep sleep or slow-wave sleep because these stages are characterized by low frequency, high amplitude delta waves.","Deep sleep, or slow-wave sleep, occurs in stages 3 and 4 and features high amplitude, low frequency delta waves."
NLI_259,neutral,neutral,0.9998,0.0001,0.9998,0.0001,0.810188,medium,Chapter 4,4.3 Stages of Sleep,,"The evidence provides the reason for the term 'paradoxical sleep', but does not mention when or by whom the term was coined.",REM sleep is often referred to as paradoxical sleep because of this combination of high brain activity and lack of muscle tone.,"REM sleep is called paradoxical sleep, a term that was originally coined by sleep researchers in the 1960s."
NLI_260,contradiction,contradiction,0.9995,0.0002,0.0002,0.9995,0.943467,medium,Chapter 4,4.3 Stages of Sleep,,"The claim swaps the definitions of manifest and latent content, directly conflicting with Freud's definitions in the text.","According to Freud, the manifest content of a dream is the actual content, or storyline, of a dream. Latent content, on the other hand, refers to the hidden meaning of a dream.","According to Freud, the latent content is the actual storyline of the dream, while the manifest content is its hidden meaning."
NLI_261,entailment,entailment,0.9979,0.9979,0.0021,0.0,0.809767,medium,Chapter 4,4.4 Sleep Problems and Disorders,,"The claim substitutes 'cannot resist' with 'irresistible urge' and 'inopportune times' with 'inappropriate moments', successfully paraphrasing the text.",Narcolepsy is a sleep disorder in which a person cannot resist falling asleep at inopportune times.,A person with narcolepsy has an irresistible urge to fall asleep at inappropriate moments.
NLI_262,neutral,neutral,0.9997,0.0,0.9997,0.0002,0.863054,medium,Chapter 4,4.4 Sleep Problems and Disorders,,The text defines parasomnia but provides no information regarding its triggers or any link to severe emotional trauma.,"A parasomnia is one of a group of sleep disorders in which unwanted, disruptive motor activity and/or experiences during sleep play a role.",A parasomnia involves disruptive motor activity during sleep and is most commonly triggered by severe emotional trauma.
NLI_263,contradiction,contradiction,0.9999,0.0,0.0001,0.9999,0.85524,medium,Chapter 4,4.4 Sleep Problems and Disorders,,"The claim incorrectly describes sleep apnea as heavy, continuous breathing without arousal, whereas the text defines it as breathing stopping with brief arousal.",Sleep apnea is defined by episodes during which a sleeper's breathing stops. These episodes can last 10–20 seconds or longer and often are associated with brief periods of arousal.,"Sleep apnea episodes are defined by heavy, continuous breathing that completely prevents the sleeper from experiencing any brief periods of arousal."
NLI_264,entailment,entailment,0.9981,0.9981,0.0019,0.0001,0.875243,medium,Chapter 4,4.5 Substance Use and Abuse,,"The claim conveys the exact meaning of requiring more of a drug for the same effect, which is the text's definition of tolerance.","Tolerance is linked to physiological dependence, and it occurs when a person requires more and more drug to achieve effects previously experienced at lower doses.","When an individual needs increasingly larger doses of a drug to get the same effect they once achieved with less, they are experiencing tolerance."
NLI_265,contradiction,contradiction,1.0,0.0,0.0,1.0,0.91781,medium,Chapter 4,4.5 Substance Use and Abuse,,"The claim states that a depressant accelerates and heightens activity, which is the exact opposite of suppressing it.",A depressant is a drug that tends to suppress central nervous system activity.,A depressant is classified as a drug that rapidly accelerates and heightens central nervous system activity.
NLI_266,entailment,entailment,0.9981,0.9981,0.0018,0.0,0.964419,hard,Chapter 4,4.1 What Is Consciousness?,,"The claim faithfully paraphrases the evidence that the hypothalamus, located above the pituitary gland, is a main center of homeostasis.","The hypothalamus, which lies above the pituitary gland, is a main center of homeostasis.","The hypothalamus, located above the pituitary gland, is an important center involved in homeostasis."
NLI_267,neutral,neutral,0.9876,0.0001,0.9876,0.0123,0.841759,hard,Chapter 4,4.1 What Is Consciousness?,,"The definition of chronotype aligns with the text, but the assertion that it is 'permanently fixed at birth' is a plausible but unstated detail.",Chronotype is a person's individual differences in circadian patterns of activity.,A person's chronotype dictates their individual circadian activity patterns and is permanently fixed at birth.
NLI_268,contradiction,contradiction,1.0,0.0,0.0,1.0,0.921405,hard,Chapter 4,4.2 Sleep and Why We Sleep,,"The claim introduces the concept of an 'inability to coordinate' and 'constant wakefulness', contradicting the actual definition of successful sleep-wake control.",Sleep regulation refers to the brain's control of switching between sleep and wakefulness as well as coordinating this cycle with the outside world.,"Sleep regulation is defined as the brain's inability to coordinate the sleep-wake cycle with the outside world, resulting in constant wakefulness."
NLI_269,entailment,entailment,0.9968,0.9968,0.0032,0.0,0.909338,hard,Chapter 4,4.4 Sleep Problems and Disorders,,The claim logically reformulates the absence of paralysis during RBD into a statement about what affected individuals fail to experience.,"During REM sleep behavior disorder (RBD), the muscle paralysis associated with the REM sleep phase does not occur.",Individuals with RBD do not experience the normal muscle paralysis that usually accompanies the REM stage of sleep.
NLI_270,neutral,neutral,0.9991,0.0,0.9991,0.0009,0.764783,hard,Chapter 4,4.3 Stages of Sleep,,"The text establishes Freud's belief about dreams and the unconscious, but strictly omits any conditions regarding the duration of sleep required.",Freud believed that dreams represented an opportunity to gain access to the unconscious.,Freud believed that analyzing dreams to gain access to the unconscious was only effective if the patient slept for at least eight hours.
NLI_271,contradiction,neutral,0.7739,0.0053,0.7739,0.2208,0.866204,hard,Chapter 4,4.5 Substance Use and Abuse,,"The claim reverses the causal relationship, stating that cessation prevents bodily changes and eliminates withdrawal, whereas the text says it causes withdrawal.",Physical dependence involves changes in normal bodily functions—the user will experience withdrawal from the drug upon cessation of use.,Cessation of drug use in physically dependent users prevents changes in normal bodily functions and eliminates withdrawal.
NLI_272,entailment,entailment,0.9978,0.9978,0.0021,0.0001,0.960955,hard,Chapter 4,4.5 Substance Use and Abuse,,The claim directly restates the evidence that psychological dependence involves an emotional rather than physical need and may involve using the drug to relieve psychological distress.,"Psychological dependence has an emotional, rather than physical, need for the drug and may use the drug to relieve psychological distress.",Psychological dependence involves an emotional need for a drug and may involve using the drug to relieve psychological distress.
NLI_273,neutral,neutral,0.996,0.0,0.996,0.004,0.801637,hard,Chapter 4,4.5 Substance Use and Abuse,,"The text confirms that stimulants are dopamine agonists that increase neural activity, but the definitive claim about 'long-term brain damage' is unsupported.",Stimulants are drugs that tend to increase overall levels of neural activity. Many of these drugs act as agonists of the dopamine neurotransmitter system.,"Because stimulants increase neural activity by acting as dopamine agonists, they are guaranteed to cause long-term brain damage."
NLI_274,contradiction,contradiction,0.9999,0.0,0.0001,0.9999,0.867558,hard,Chapter 4,4.5 Substance Use and Abuse,,"The claim uses accurate entity names (heroin, methadone) but completely reverses the attribute of opioids from decreasing pain to increasing sensitivity to pain.","An opioid is one of a category of drugs that includes heroin, morphine, methadone, and codeine. Opioids have analgesic properties; that is, they decrease pain.",Drugs like heroin and methadone are categorized as opioids because they actively increase a person's sensitivity to pain.
NLI_275,entailment,entailment,0.9983,0.9983,0.0017,0.0,0.770941,hard,Chapter 4,4.6 Other States of Consciousness,,"The claim reverses the clause order (goal first, action second) and substitutes synonyms ('heighten present-moment awareness', 'singular target'), producing a highly accurate entailment.",Meditation is the act of focusing on a single target (such as the breath or a repeated sound) to increase awareness of the moment.,"To heighten present-moment awareness, a person practicing meditation focuses their attention on a singular target, like their breathing."
NLI_276,neutral,neutral,0.9997,0.0001,0.9997,0.0003,0.775375,hard,Chapter 4,4.2 Sleep and Why We Sleep,,"The claim embeds the factual consequences of sleep debt (decreased efficiency) into a broader, unsupported claim about Alzheimer's disease.",A person with a sleep debt does not get sufficient sleep on a chronic basis. The consequences of sleep debt include decreased levels of alertness and mental efficiency.,"A person with a chronic sleep debt will experience decreased mental efficiency, which typically leads to an early onset of Alzheimer's disease."
NLI_277,contradiction,neutral,0.9926,0.0001,0.9926,0.0073,0.863407,hard,Chapter 4,4.3 Stages of Sleep,,"The claim asserts that sleep spindles prevent theta waves, explicitly contradicting the text which states that theta waves 'still dominate' despite the spindles.","Stage 2 sleep is a state of deep relaxation. Theta waves still dominate the activity of the brain, but they are interrupted by brief bursts of activity known as sleep spindles.",Sleep spindles are brief bursts of activity that entirely prevent the brain from generating theta waves during Stage 2 sleep.
NLI_278,neutral,entailment,0.991,0.991,0.0089,0.0001,0.880826,hard,Chapter 4,4.5 Substance Use and Abuse,,"The evidence states that barbiturates and benzodiazepines are depressants and that they act as GABA agonists, but it does not establish that their GABA agonist activity is the reason they are classified as depressants.",Other depressants include barbiturates and benzodiazepines. These drugs share in common their ability to serve as agonists of the gamma-Aminobutyric acid (GABA) neurotransmitter system.,"Because barbiturates and benzodiazepines act as GABA agonists, they are classified as depressants."
NLI_279,neutral,neutral,0.9998,0.0001,0.9998,0.0001,0.717683,hard,Chapter 4,4.4 Sleep Problems and Disorders,,The evidence correctly identifies insomnia as the most common sleep disorder but lacks the precise worldwide prevalence statistic of 35%.,"Insomnia, a consistent difficulty in falling or staying asleep, is the most common of the sleep disorders. Individuals with insomnia often experience long delays between the times that they go to bed and actually fall asleep.","Insomnia is the most common sleep disorder, affecting exactly 35% of the adult population worldwide."
NLI_280,contradiction,contradiction,0.9995,0.0001,0.0005,0.9995,0.794746,hard,Chapter 4,4.3 Stages of Sleep,,"The claim perfectly reverses the two key attributes of paradoxical sleep, substituting 'high brain activity' with 'lack of brain activity' and 'lack of muscle tone' with 'high muscle tone'.",Brain waves during REM sleep appear very similar to brain waves during wakefulness. REM sleep is often referred to as paradoxical sleep because of this combination of high brain activity and lack of muscle tone.,REM sleep is called paradoxical sleep because it combines an absolute lack of brain activity with extremely high muscle tone.
